Order ID,Order Date,Ship Date,Ship Mode,Customer Name,Segment,Country,City,Region,Category,Sub-Category,Product Name,Sales,Quantity,Discount,Profit
CA-2025-100000,2026-10-17,2026-10-18,Standard Class,Customer_280,Consumer,India,Delhi,North,Technology,Accessories,Accessories Product,17217.94,2,0.0,1721.79
CA-2025-100001,2026-08-28,2026-09-01,First Class,Customer_288,Consumer,India,Delhi,North,Office Supplies,Binders,Binders Product,15382.79,5,0.2,0.0
CA-2025-100002,2026-10-28,2026-11-02,Standard Class,Customer_217,Corporate,India,Jaipur,North,Office Supplies,Art,Art Product,41289.67,1,0.05,3096.73
CA-2025-100003,2025-10-12,2025-10-14,Second Class,Customer_136,Consumer,India,Kolkata,East,Furniture,Chairs,Chairs Product,6582.93,1,0.1,329.15
CA-2025-100004,2026-04-16,2026-04-21,Standard Class,Customer_99,Home Office,India,Mumbai,West,Furniture,Chairs,Chairs Product,38687.64,5,0.1,1934.38
CA-2025-100005,2025-03-13,2025-03-14,Second Class,Customer_233,Home Office,India,Kolkata,East,Furniture,Chairs,Chairs Product,59886.71,1,0.15,1497.17
CA-2025-100006,2026-01-09,2026-01-11,Standard Class,Customer_88,Home Office,India,Hyderabad,South,Furniture,Tables,Tables Product,46945.24,1,0.2,0.0
CA-2025-100007,2025-09-08,2025-09-10,Standard Class,Customer_167,Consumer,India,Ahmedabad,West,Furniture,Bookcases,Bookcases Product,69267.68,5,0.05,5195.08
CA-2025-100008,2025-08-23,2025-08-24,First Class,Customer_256,Corporate,India,Hyderabad,South,Furniture,Bookcases,Bookcases Product,4726.58,5,0.1,236.33
CA-2025-100009,2026-10-21,2026-10-25,Second Class,Customer_300,Corporate,India,Bangalore,South,Furniture,Tables,Tables Product,17339.26,5,0.2,0.0
CA-2025-100010,2026-08-21,2026-08-25,First Class,Customer_79,Home Office,India,Hyderabad,South,Office Supplies,Paper,Paper Product,35715.89,1,0.0,3571.59
CA-2025-100011,2025-06-13,2025-06-17,Second Class,Customer_284,Consumer,India,Lucknow,North,Office Supplies,Art,Art Product,26775.19,4,0.2,0.0
CA-2025-100012,2026-11-28,2026-11-29,Second Class,Customer_2,Home Office,India,Chandigarh,North,Furniture,Bookcases,Bookcases Product,7897.5,4,0.05,592.31
CA-2025-100013,2025-09-27,2025-10-02,Standard Class,Customer_102,Consumer,India,Bangalore,South,Technology,Phones,Phones Product,60949.25,3,0.2,0.0
CA-2025-100014,2026-01-18,2026-01-20,First Class,Customer_186,Corporate,India,Chandigarh,North,Technology,Phones,Phones Product,41966.23,4,0.0,4196.62
CA-2025-100015,2025-09-03,2025-09-04,Standard Class,Customer_65,Consumer,India,Kolkata,East,Technology,Phones,Phones Product,6087.18,4,0.0,608.72
CA-2025-100016,2026-11-07,2026-11-11,First Class,Customer_277,Home Office,India,Chandigarh,North,Office Supplies,Storage,Storage Product,36984.4,5,0.15,924.61
CA-2025-100017,2026-12-08,2026-12-10,First Class,Customer_127,Consumer,India,Pune,West,Furniture,Bookcases,Bookcases Product,30723.2,5,0.15,768.08
CA-2025-100018,2025-03-07,2025-03-10,First Class,Customer_31,Consumer,India,Delhi,North,Technology,Laptops,Laptops Product,16185.02,2,0.0,1618.5
CA-2025-100019,2025-03-11,2025-03-12,Standard Class,Customer_68,Home Office,India,Hyderabad,South,Office Supplies,Paper,Paper Product,19565.56,4,0.05,1467.42
CA-2025-100020,2026-08-08,2026-08-13,First Class,Customer_221,Corporate,India,Ahmedabad,West,Office Supplies,Art,Art Product,56544.04,2,0.0,5654.4
CA-2025-100021,2026-03-10,2026-03-14,Second Class,Customer_174,Consumer,India,Ahmedabad,West,Technology,Phones,Phones Product,47168.18,1,0.0,4716.82
CA-2025-100022,2025-09-12,2025-09-14,Second Class,Customer_128,Consumer,India,Kolkata,East,Technology,Accessories,Accessories Product,9898.74,2,0.1,494.94
CA-2025-100023,2026-03-30,2026-04-04,Second Class,Customer_249,Corporate,India,Mumbai,West,Office Supplies,Binders,Binders Product,67832.84,2,0.05,5087.46
CA-2025-100024,2025-08-07,2025-08-11,Second Class,Customer_147,Corporate,India,Delhi,North,Office Supplies,Art,Art Product,250.66,4,0.1,12.53
CA-2025-100025,2026-12-15,2026-12-20,Standard Class,Customer_278,Consumer,India,Ahmedabad,West,Office Supplies,Paper,Paper Product,20839.88,1,0.2,0.0
CA-2025-100026,2025-11-18,2025-11-19,First Class,Customer_261,Consumer,India,Delhi,North,Technology,Accessories,Accessories Product,35249.24,5,0.05,2643.69
CA-2025-100027,2025-07-10,2025-07-11,Standard Class,Customer_21,Home Office,India,Lucknow,North,Office Supplies,Paper,Paper Product,28323.91,5,0.05,2124.29
CA-2025-100028,2025-03-25,2025-03-29,Standard Class,Customer_161,Consumer,India,Lucknow,North,Technology,Laptops,Laptops Product,22214.25,3,0.05,1666.07
CA-2025-100029,2025-09-29,2025-10-03,First Class,Customer_235,Home Office,India,Bangalore,South,Technology,Laptops,Laptops Product,21069.8,3,0.0,2106.98
CA-2025-100030,2026-07-31,2026-08-01,First Class,Customer_126,Corporate,India,Mumbai,West,Technology,Phones,Phones Product,35461.34,2,0.1,1773.07
CA-2025-100031,2025-10-19,2025-10-21,Standard Class,Customer_284,Corporate,India,Ahmedabad,West,Technology,Laptops,Laptops Product,21245.95,5,0.0,2124.6
CA-2025-100032,2026-11-11,2026-11-12,Second Class,Customer_145,Home Office,India,Bangalore,South,Furniture,Chairs,Chairs Product,62290.92,5,0.05,4671.82
CA-2025-100033,2025-08-04,2025-08-07,Second Class,Customer_27,Consumer,India,Kolkata,East,Technology,Laptops,Laptops Product,59718.61,5,0.15,1492.97
CA-2025-100034,2026-10-12,2026-10-16,First Class,Customer_227,Home Office,India,Pune,West,Office Supplies,Binders,Binders Product,23415.6,2,0.1,1170.78
CA-2025-100035,2026-12-24,2026-12-28,First Class,Customer_190,Home Office,India,Chandigarh,North,Office Supplies,Binders,Binders Product,5359.55,2,0.2,0.0
CA-2025-100036,2026-07-20,2026-07-22,First Class,Customer_128,Home Office,India,Jaipur,North,Office Supplies,Binders,Binders Product,21647.26,1,0.1,1082.36
CA-2025-100037,2025-04-16,2025-04-19,First Class,Customer_212,Consumer,India,Chandigarh,North,Furniture,Tables,Tables Product,64810.89,2,0.05,4860.82
CA-2025-100038,2025-07-03,2025-07-06,Standard Class,Customer_56,Corporate,India,Jaipur,North,Technology,Laptops,Laptops Product,56771.38,3,0.05,4257.85
CA-2025-100039,2025-02-09,2025-02-13,First Class,Customer_99,Corporate,India,Kolkata,East,Office Supplies,Art,Art Product,24541.12,2,0.05,1840.58
CA-2025-100040,2025-12-03,2025-12-06,Second Class,Customer_15,Consumer,India,Mumbai,West,Furniture,Bookcases,Bookcases Product,44939.57,4,0.2,0.0
CA-2025-100041,2025-09-25,2025-09-27,Standard Class,Customer_161,Corporate,India,Lucknow,North,Furniture,Chairs,Chairs Product,7677.34,4,0.1,383.87
CA-2025-100042,2026-09-13,2026-09-18,Standard Class,Customer_276,Home Office,India,Mumbai,West,Furniture,Tables,Tables Product,17905.1,4,0.0,1790.51
CA-2025-100043,2026-11-18,2026-11-20,Second Class,Customer_64,Home Office,India,Hyderabad,South,Furniture,Chairs,Chairs Product,66426.33,3,0.2,0.0
CA-2025-100044,2025-11-04,2025-11-09,First Class,Customer_99,Corporate,India,Pune,West,Technology,Accessories,Accessories Product,22900.19,3,0.2,0.0
CA-2025-100045,2026-11-12,2026-11-16,Second Class,Customer_147,Consumer,India,Bangalore,South,Technology,Laptops,Laptops Product,21136.4,5,0.0,2113.64
CA-2025-100046,2026-03-17,2026-03-22,Standard Class,Customer_243,Home Office,India,Lucknow,North,Technology,Accessories,Accessories Product,32602.67,4,0.05,2445.2
CA-2025-100047,2025-06-23,2025-06-24,First Class,Customer_159,Consumer,India,Pune,West,Technology,Laptops,Laptops Product,44342.57,3,0.0,4434.26
CA-2025-100048,2025-07-23,2025-07-25,Second Class,Customer_213,Home Office,India,Delhi,North,Office Supplies,Paper,Paper Product,68877.13,5,0.0,6887.71
CA-2025-100049,2026-08-13,2026-08-15,Second Class,Customer_113,Consumer,India,Jaipur,North,Furniture,Furnishings,Furnishings Product,17154.51,1,0.0,1715.45
CA-2025-100050,2026-12-14,2026-12-19,First Class,Customer_238,Home Office,India,Ahmedabad,West,Office Supplies,Paper,Paper Product,64231.15,1,0.15,1605.78
CA-2025-100051,2026-06-28,2026-07-03,Standard Class,Customer_229,Consumer,India,Lucknow,North,Furniture,Furnishings,Furnishings Product,42924.4,5,0.15,1073.11
CA-2025-100052,2026-05-02,2026-05-06,Standard Class,Customer_123,Corporate,India,Pune,West,Office Supplies,Storage,Storage Product,53630.38,5,0.15,1340.76
CA-2025-100053,2026-03-27,2026-03-28,First Class,Customer_78,Consumer,India,Pune,West,Office Supplies,Storage,Storage Product,23575.74,5,0.0,2357.57
CA-2025-100054,2026-01-28,2026-01-30,Second Class,Customer_32,Consumer,India,Kolkata,East,Office Supplies,Art,Art Product,28591.2,5,0.15,714.78
CA-2025-100055,2026-03-07,2026-03-11,Second Class,Customer_4,Corporate,India,Lucknow,North,Technology,Phones,Phones Product,59985.57,5,0.15,1499.64
CA-2025-100056,2025-11-02,2025-11-06,Second Class,Customer_113,Corporate,India,Jaipur,North,Technology,Laptops,Laptops Product,51450.92,5,0.05,3858.82
CA-2025-100057,2026-03-23,2026-03-27,Second Class,Customer_66,Home Office,India,Delhi,North,Furniture,Bookcases,Bookcases Product,46854.27,4,0.05,3514.07
CA-2025-100058,2026-07-01,2026-07-02,First Class,Customer_237,Consumer,India,Jaipur,North,Technology,Laptops,Laptops Product,46443.68,1,0.15,1161.09
CA-2025-100059,2025-02-21,2025-02-24,Second Class,Customer_216,Corporate,India,Jaipur,North,Furniture,Tables,Tables Product,31883.48,3,0.15,797.09
CA-2025-100060,2025-03-25,2025-03-29,Standard Class,Customer_36,Home Office,India,Delhi,North,Technology,Laptops,Laptops Product,3740.78,3,0.05,280.56
CA-2025-100061,2025-02-11,2025-02-12,Second Class,Customer_59,Home Office,India,Kolkata,East,Office Supplies,Binders,Binders Product,43531.36,2,0.05,3264.85
CA-2025-100062,2025-08-12,2025-08-16,Second Class,Customer_56,Home Office,India,Pune,West,Furniture,Tables,Tables Product,42451.9,1,0.05,3183.89
CA-2025-100063,2025-01-27,2025-01-30,Standard Class,Customer_125,Consumer,India,Lucknow,North,Technology,Accessories,Accessories Product,27826.15,2,0.0,2782.62
CA-2025-100064,2026-12-15,2026-12-18,First Class,Customer_260,Home Office,India,Lucknow,North,Office Supplies,Binders,Binders Product,24369.54,4,0.1,1218.48
CA-2025-100065,2025-12-16,2025-12-17,Standard Class,Customer_79,Corporate,India,Jaipur,North,Furniture,Chairs,Chairs Product,30403.29,3,0.15,760.08
CA-2025-100066,2025-06-30,2025-07-05,Standard Class,Customer_138,Corporate,India,Pune,West,Technology,Laptops,Laptops Product,54247.44,4,0.15,1356.19
CA-2025-100067,2025-09-09,2025-09-10,Standard Class,Customer_195,Corporate,India,Pune,West,Furniture,Tables,Tables Product,52558.29,5,0.2,0.0
CA-2025-100068,2025-01-30,2025-02-03,Second Class,Customer_142,Home Office,India,Hyderabad,South,Office Supplies,Art,Art Product,14927.18,3,0.1,746.36
CA-2025-100069,2025-01-11,2025-01-16,First Class,Customer_244,Home Office,India,Kolkata,East,Office Supplies,Paper,Paper Product,50433.22,4,0.2,0.0
CA-2025-100070,2026-12-30,2027-01-03,Second Class,Customer_298,Corporate,India,Ahmedabad,West,Office Supplies,Binders,Binders Product,20667.07,4,0.05,1550.03
CA-2025-100071,2026-04-30,2026-05-05,Second Class,Customer_233,Corporate,India,Chandigarh,North,Furniture,Furnishings,Furnishings Product,69764.54,5,0.1,3488.23
CA-2025-100072,2025-11-10,2025-11-13,First Class,Customer_111,Home Office,India,Kolkata,East,Office Supplies,Paper,Paper Product,22156.8,5,0.05,1661.76
CA-2025-100073,2026-05-11,2026-05-14,Second Class,Customer_117,Corporate,India,Lucknow,North,Technology,Laptops,Laptops Product,19881.61,1,0.05,1491.12
CA-2025-100074,2025-07-03,2025-07-06,Standard Class,Customer_150,Home Office,India,Delhi,North,Technology,Laptops,Laptops Product,8948.15,1,0.0,894.82
CA-2025-100075,2025-05-10,2025-05-14,First Class,Customer_27,Corporate,India,Mumbai,West,Office Supplies,Storage,Storage Product,32910.85,4,0.1,1645.54
CA-2025-100076,2026-05-05,2026-05-06,First Class,Customer_289,Corporate,India,Mumbai,West,Furniture,Furnishings,Furnishings Product,5278.34,1,0.05,395.88
CA-2025-100077,2025-03-29,2025-03-31,Standard Class,Customer_195,Corporate,India,Mumbai,West,Technology,Accessories,Accessories Product,42481.6,5,0.05,3186.12
CA-2025-100078,2026-03-30,2026-04-02,Standard Class,Customer_51,Consumer,India,Lucknow,North,Furniture,Bookcases,Bookcases Product,39847.2,1,0.2,0.0
CA-2025-100079,2026-10-03,2026-10-05,First Class,Customer_81,Consumer,India,Pune,West,Technology,Phones,Phones Product,11078.29,2,0.2,0.0
CA-2025-100080,2026-02-23,2026-02-27,Standard Class,Customer_233,Consumer,India,Lucknow,North,Furniture,Bookcases,Bookcases Product,2381.53,3,0.1,119.08
CA-2025-100081,2026-12-05,2026-12-07,First Class,Customer_279,Consumer,India,Pune,West,Technology,Laptops,Laptops Product,46316.69,2,0.15,1157.92
CA-2025-100082,2026-10-26,2026-10-28,Standard Class,Customer_292,Corporate,India,Pune,West,Office Supplies,Binders,Binders Product,4268.7,3,0.2,0.0
CA-2025-100083,2026-03-26,2026-03-27,Standard Class,Customer_253,Corporate,India,Ahmedabad,West,Technology,Accessories,Accessories Product,49011.38,3,0.2,0.0
CA-2025-100084,2025-03-24,2025-03-29,First Class,Customer_295,Home Office,India,Delhi,North,Furniture,Bookcases,Bookcases Product,42299.58,1,0.0,4229.96
CA-2025-100085,2025-01-22,2025-01-25,First Class,Customer_300,Corporate,India,Lucknow,North,Office Supplies,Paper,Paper Product,32988.01,4,0.1,1649.4
CA-2025-100086,2026-10-13,2026-10-17,First Class,Customer_169,Corporate,India,Mumbai,West,Furniture,Bookcases,Bookcases Product,28643.53,3,0.0,2864.35
CA-2025-100087,2026-12-12,2026-12-16,Second Class,Customer_46,Corporate,India,Pune,West,Technology,Accessories,Accessories Product,56968.27,5,0.0,5696.83
CA-2025-100088,2025-09-16,2025-09-19,Second Class,Customer_28,Consumer,India,Mumbai,West,Furniture,Chairs,Chairs Product,46070.46,5,0.15,1151.76
CA-2025-100089,2026-06-15,2026-06-18,Standard Class,Customer_68,Corporate,India,Lucknow,North,Furniture,Furnishings,Furnishings Product,53223.34,2,0.1,2661.17
CA-2025-100090,2026-03-25,2026-03-29,First Class,Customer_283,Corporate,India,Mumbai,West,Office Supplies,Paper,Paper Product,49713.82,3,0.2,0.0
CA-2025-100091,2025-04-06,2025-04-08,Standard Class,Customer_150,Home Office,India,Mumbai,West,Furniture,Chairs,Chairs Product,45374.91,2,0.15,1134.37
CA-2025-100092,2026-12-24,2026-12-27,Second Class,Customer_98,Home Office,India,Jaipur,North,Furniture,Furnishings,Furnishings Product,17136.79,5,0.05,1285.26
CA-2025-100093,2026-06-05,2026-06-07,First Class,Customer_145,Home Office,India,Mumbai,West,Furniture,Furnishings,Furnishings Product,23857.28,5,0.1,1192.86
CA-2025-100094,2025-11-02,2025-11-07,Second Class,Customer_177,Corporate,India,Lucknow,North,Technology,Accessories,Accessories Product,60581.72,4,0.2,0.0
CA-2025-100095,2026-07-20,2026-07-25,Second Class,Customer_120,Corporate,India,Jaipur,North,Furniture,Bookcases,Bookcases Product,60885.16,2,0.2,0.0
CA-2025-100096,2025-02-14,2025-02-17,First Class,Customer_65,Home Office,India,Ahmedabad,West,Technology,Accessories,Accessories Product,27086.9,2,0.15,677.17
CA-2025-100097,2026-08-28,2026-08-31,Standard Class,Customer_74,Corporate,India,Mumbai,West,Furniture,Chairs,Chairs Product,36863.98,4,0.0,3686.4
CA-2025-100098,2026-11-02,2026-11-04,Second Class,Customer_274,Corporate,India,Mumbai,West,Furniture,Bookcases,Bookcases Product,23765.43,4,0.0,2376.54
CA-2025-100099,2025-11-21,2025-11-25,Standard Class,Customer_47,Corporate,India,Chandigarh,North,Office Supplies,Binders,Binders Product,16510.44,3,0.05,1238.28
CA-2025-100100,2025-04-11,2025-04-12,First Class,Customer_151,Corporate,India,Ahmedabad,West,Office Supplies,Storage,Storage Product,63249.34,1,0.1,3162.47
CA-2025-100101,2026-01-19,2026-01-23,First Class,Customer_41,Home Office,India,Bangalore,South,Office Supplies,Art,Art Product,39658.37,2,0.05,2974.38
CA-2025-100102,2026-01-27,2026-02-01,Second Class,Customer_5,Corporate,India,Kolkata,East,Furniture,Tables,Tables Product,16329.97,3,0.15,408.25
CA-2025-100103,2025-10-22,2025-10-27,Standard Class,Customer_218,Home Office,India,Bangalore,South,Office Supplies,Art,Art Product,66171.97,5,0.1,3308.6
CA-2025-100104,2025-09-14,2025-09-18,Second Class,Customer_293,Corporate,India,Pune,West,Office Supplies,Art,Art Product,59748.15,1,0.05,4481.11
CA-2025-100105,2026-08-12,2026-08-15,Standard Class,Customer_255,Corporate,India,Pune,West,Office Supplies,Art,Art Product,19286.18,5,0.0,1928.62
CA-2025-100106,2025-08-24,2025-08-29,Standard Class,Customer_21,Corporate,India,Hyderabad,South,Office Supplies,Paper,Paper Product,43500.29,2,0.0,4350.03
CA-2025-100107,2026-03-28,2026-03-29,Standard Class,Customer_213,Consumer,India,Lucknow,North,Furniture,Tables,Tables Product,6400.32,3,0.1,320.02
CA-2025-100108,2025-07-25,2025-07-27,Second Class,Customer_174,Consumer,India,Chandigarh,North,Furniture,Bookcases,Bookcases Product,58150.04,3,0.15,1453.75
CA-2025-100109,2026-04-25,2026-04-26,First Class,Customer_203,Consumer,India,Bangalore,South,Office Supplies,Art,Art Product,67712.16,5,0.1,3385.61
CA-2025-100110,2025-09-28,2025-10-03,Second Class,Customer_191,Consumer,India,Mumbai,West,Furniture,Bookcases,Bookcases Product,47130.7,3,0.2,0.0
CA-2025-100111,2026-11-23,2026-11-25,Standard Class,Customer_238,Home Office,India,Ahmedabad,West,Office Supplies,Storage,Storage Product,64076.39,2,0.0,6407.64
CA-2025-100112,2025-11-06,2025-11-10,First Class,Customer_50,Consumer,India,Mumbai,West,Office Supplies,Binders,Binders Product,66243.68,3,0.15,1656.09
CA-2025-100113,2026-07-05,2026-07-07,Standard Class,Customer_80,Corporate,India,Jaipur,North,Furniture,Bookcases,Bookcases Product,46966.99,5,0.15,1174.17
CA-2025-100114,2026-11-02,2026-11-03,Standard Class,Customer_190,Consumer,India,Ahmedabad,West,Technology,Accessories,Accessories Product,65739.81,3,0.0,6573.98
CA-2025-100115,2026-03-31,2026-04-04,Standard Class,Customer_184,Consumer,India,Kolkata,East,Furniture,Chairs,Chairs Product,68666.85,3,0.2,0.0
CA-2025-100116,2026-02-12,2026-02-15,First Class,Customer_26,Corporate,India,Kolkata,East,Office Supplies,Art,Art Product,6507.97,2,0.2,0.0
CA-2025-100117,2025-09-07,2025-09-09,Standard Class,Customer_111,Consumer,India,Lucknow,North,Office Supplies,Binders,Binders Product,58104.27,5,0.05,4357.82
CA-2025-100118,2025-12-03,2025-12-05,Standard Class,Customer_129,Consumer,India,Lucknow,North,Office Supplies,Storage,Storage Product,60102.59,2,0.05,4507.69
CA-2025-100119,2025-04-23,2025-04-24,Second Class,Customer_9,Consumer,India,Bangalore,South,Office Supplies,Storage,Storage Product,55319.93,2,0.2,0.0
CA-2025-100120,2025-09-29,2025-09-30,Second Class,Customer_186,Home Office,India,Bangalore,South,Technology,Accessories,Accessories Product,36873.38,1,0.15,921.83
CA-2025-100121,2026-08-31,2026-09-01,Second Class,Customer_235,Home Office,India,Ahmedabad,West,Technology,Phones,Phones Product,66184.55,1,0.2,0.0
CA-2025-100122,2025-02-01,2025-02-02,First Class,Customer_42,Corporate,India,Ahmedabad,West,Furniture,Furnishings,Furnishings Product,48058.21,4,0.15,1201.46
CA-2025-100123,2026-09-15,2026-09-17,Standard Class,Customer_167,Corporate,India,Mumbai,West,Office Supplies,Storage,Storage Product,43739.79,5,0.2,0.0
CA-2025-100124,2026-09-04,2026-09-09,Standard Class,Customer_111,Corporate,India,Pune,West,Furniture,Furnishings,Furnishings Product,7032.57,1,0.2,0.0
CA-2025-100125,2026-04-08,2026-04-10,Second Class,Customer_161,Home Office,India,Jaipur,North,Furniture,Furnishings,Furnishings Product,27971.24,1,0.1,1398.56
CA-2025-100126,2025-09-19,2025-09-22,Second Class,Customer_50,Home Office,India,Bangalore,South,Technology,Accessories,Accessories Product,4792.62,1,0.0,479.26
CA-2025-100127,2026-01-17,2026-01-19,Standard Class,Customer_217,Home Office,India,Chandigarh,North,Office Supplies,Storage,Storage Product,46933.93,4,0.1,2346.7
CA-2025-100128,2025-02-22,2025-02-25,First Class,Customer_247,Consumer,India,Lucknow,North,Furniture,Bookcases,Bookcases Product,7341.68,5,0.05,550.63
CA-2025-100129,2025-04-21,2025-04-24,Second Class,Customer_288,Home Office,India,Chandigarh,North,Furniture,Chairs,Chairs Product,53406.13,5,0.05,4005.46
CA-2025-100130,2026-09-21,2026-09-26,First Class,Customer_140,Home Office,India,Delhi,North,Technology,Laptops,Laptops Product,58079.31,3,0.0,5807.93
CA-2025-100131,2025-11-13,2025-11-16,First Class,Customer_73,Home Office,India,Hyderabad,South,Office Supplies,Paper,Paper Product,60903.4,5,0.15,1522.59
CA-2025-100132,2026-10-11,2026-10-12,Second Class,Customer_81,Corporate,India,Mumbai,West,Technology,Laptops,Laptops Product,15137.79,4,0.15,378.44
CA-2025-100133,2025-11-16,2025-11-19,Standard Class,Customer_26,Home Office,India,Lucknow,North,Technology,Phones,Phones Product,61845.62,2,0.05,4638.42
CA-2025-100134,2025-03-25,2025-03-28,Second Class,Customer_111,Home Office,India,Ahmedabad,West,Technology,Accessories,Accessories Product,34047.75,4,0.15,851.19
CA-2025-100135,2025-04-27,2025-04-30,Standard Class,Customer_158,Consumer,India,Jaipur,North,Office Supplies,Storage,Storage Product,47507.43,5,0.15,1187.69
CA-2025-100136,2025-08-14,2025-08-18,Second Class,Customer_149,Corporate,India,Lucknow,North,Office Supplies,Binders,Binders Product,14389.18,2,0.05,1079.19
CA-2025-100137,2025-05-03,2025-05-04,Standard Class,Customer_118,Home Office,India,Ahmedabad,West,Technology,Accessories,Accessories Product,12381.07,4,0.2,0.0
CA-2025-100138,2026-07-27,2026-07-30,Second Class,Customer_295,Corporate,India,Mumbai,West,Furniture,Chairs,Chairs Product,30591.75,4,0.0,3059.18
CA-2025-100139,2026-08-11,2026-08-15,Standard Class,Customer_236,Home Office,India,Jaipur,North,Furniture,Chairs,Chairs Product,28411.76,3,0.05,2130.88
CA-2025-100140,2026-01-06,2026-01-07,First Class,Customer_203,Corporate,India,Jaipur,North,Office Supplies,Paper,Paper Product,30553.79,4,0.2,0.0
CA-2025-100141,2025-12-14,2025-12-16,Standard Class,Customer_100,Corporate,India,Hyderabad,South,Office Supplies,Binders,Binders Product,35782.78,1,0.2,0.0
CA-2025-100142,2025-12-26,2025-12-28,First Class,Customer_39,Consumer,India,Kolkata,East,Office Supplies,Paper,Paper Product,17992.18,2,0.2,0.0
CA-2025-100143,2026-10-06,2026-10-10,Second Class,Customer_162,Consumer,India,Ahmedabad,West,Technology,Laptops,Laptops Product,31478.48,5,0.2,0.0
CA-2025-100144,2026-03-27,2026-03-28,Second Class,Customer_260,Consumer,India,Ahmedabad,West,Furniture,Bookcases,Bookcases Product,55763.44,5,0.0,5576.34
CA-2025-100145,2025-11-14,2025-11-18,Standard Class,Customer_47,Home Office,India,Ahmedabad,West,Office Supplies,Binders,Binders Product,25874.76,3,0.0,2587.48
CA-2025-100146,2026-09-01,2026-09-06,Second Class,Customer_244,Home Office,India,Jaipur,North,Furniture,Chairs,Chairs Product,31536.39,5,0.05,2365.23
CA-2025-100147,2025-06-04,2025-06-05,Standard Class,Customer_89,Consumer,India,Ahmedabad,West,Office Supplies,Storage,Storage Product,68768.75,1,0.2,0.0
CA-2025-100148,2025-09-11,2025-09-15,Second Class,Customer_199,Corporate,India,Ahmedabad,West,Technology,Laptops,Laptops Product,42725.4,3,0.1,2136.27
CA-2025-100149,2025-12-13,2025-12-18,Standard Class,Customer_198,Corporate,India,Delhi,North,Technology,Laptops,Laptops Product,23491.99,3,0.0,2349.2
CA-2025-100150,2025-09-16,2025-09-21,Second Class,Customer_201,Consumer,India,Bangalore,South,Furniture,Chairs,Chairs Product,40833.49,2,0.1,2041.67
CA-2025-100151,2026-09-02,2026-09-03,Standard Class,Customer_270,Consumer,India,Pune,West,Technology,Accessories,Accessories Product,45080.18,3,0.05,3381.01
CA-2025-100152,2026-10-24,2026-10-28,Second Class,Customer_249,Consumer,India,Chandigarh,North,Furniture,Chairs,Chairs Product,25445.58,2,0.05,1908.42
CA-2025-100153,2025-08-20,2025-08-22,Standard Class,Customer_270,Consumer,India,Bangalore,South,Office Supplies,Storage,Storage Product,59125.54,1,0.2,0.0
CA-2025-100154,2026-11-09,2026-11-12,First Class,Customer_225,Consumer,India,Lucknow,North,Office Supplies,Art,Art Product,10882.27,2,0.2,0.0
CA-2025-100155,2026-02-25,2026-02-28,Standard Class,Customer_123,Corporate,India,Kolkata,East,Furniture,Bookcases,Bookcases Product,52692.14,4,0.05,3951.91
CA-2025-100156,2026-04-26,2026-04-28,Second Class,Customer_258,Home Office,India,Hyderabad,South,Technology,Laptops,Laptops Product,68912.34,4,0.1,3445.62
CA-2025-100157,2026-03-05,2026-03-07,Second Class,Customer_284,Consumer,India,Kolkata,East,Technology,Phones,Phones Product,61122.83,1,0.15,1528.07
CA-2025-100158,2026-12-30,2027-01-04,Standard Class,Customer_76,Corporate,India,Mumbai,West,Furniture,Chairs,Chairs Product,53441.87,3,0.15,1336.05
CA-2025-100159,2025-04-04,2025-04-06,Second Class,Customer_121,Corporate,India,Ahmedabad,West,Furniture,Chairs,Chairs Product,29101.29,4,0.2,0.0
CA-2025-100160,2025-03-25,2025-03-28,First Class,Customer_20,Corporate,India,Kolkata,East,Office Supplies,Storage,Storage Product,65164.73,3,0.05,4887.35
CA-2025-100161,2026-04-29,2026-05-01,First Class,Customer_77,Home Office,India,Ahmedabad,West,Furniture,Chairs,Chairs Product,63419.44,1,0.1,3170.97
CA-2025-100162,2026-09-16,2026-09-21,First Class,Customer_215,Home Office,India,Jaipur,North,Office Supplies,Storage,Storage Product,16711.05,1,0.0,1671.11
CA-2025-100163,2026-09-30,2026-10-04,Standard Class,Customer_124,Home Office,India,Mumbai,West,Office Supplies,Art,Art Product,41812.06,1,0.2,0.0
CA-2025-100164,2025-05-28,2025-05-31,Standard Class,Customer_44,Home Office,India,Jaipur,North,Office Supplies,Storage,Storage Product,16915.44,4,0.05,1268.66
CA-2025-100165,2026-01-05,2026-01-06,First Class,Customer_200,Corporate,India,Chandigarh,North,Technology,Laptops,Laptops Product,55070.22,5,0.2,0.0
CA-2025-100166,2025-02-14,2025-02-18,First Class,Customer_54,Home Office,India,Hyderabad,South,Furniture,Chairs,Chairs Product,25060.86,1,0.1,1253.04
CA-2025-100167,2025-12-07,2025-12-09,Standard Class,Customer_246,Home Office,India,Delhi,North,Furniture,Bookcases,Bookcases Product,56964.27,2,0.15,1424.11
CA-2025-100168,2025-07-06,2025-07-08,First Class,Customer_22,Corporate,India,Mumbai,West,Technology,Accessories,Accessories Product,2685.17,2,0.0,268.52
CA-2025-100169,2025-11-14,2025-11-19,Second Class,Customer_25,Home Office,India,Jaipur,North,Technology,Accessories,Accessories Product,17806.63,2,0.1,890.33
CA-2025-100170,2025-12-06,2025-12-09,Second Class,Customer_96,Corporate,India,Mumbai,West,Furniture,Furnishings,Furnishings Product,62275.11,4,0.15,1556.88
CA-2025-100171,2026-12-10,2026-12-14,Second Class,Customer_93,Home Office,India,Hyderabad,South,Technology,Accessories,Accessories Product,56100.25,4,0.0,5610.03
CA-2025-100172,2025-10-28,2025-10-31,Standard Class,Customer_219,Consumer,India,Mumbai,West,Office Supplies,Storage,Storage Product,46298.25,3,0.15,1157.46
CA-2025-100173,2026-12-08,2026-12-12,Second Class,Customer_141,Home Office,India,Hyderabad,South,Furniture,Chairs,Chairs Product,50904.33,3,0.2,0.0
CA-2025-100174,2025-02-28,2025-03-01,Standard Class,Customer_225,Consumer,India,Jaipur,North,Furniture,Tables,Tables Product,66699.98,2,0.2,0.0
CA-2025-100175,2025-05-10,2025-05-11,Standard Class,Customer_79,Home Office,India,Kolkata,East,Technology,Accessories,Accessories Product,25414.33,5,0.0,2541.43
CA-2025-100176,2026-04-06,2026-04-09,Second Class,Customer_161,Home Office,India,Hyderabad,South,Furniture,Chairs,Chairs Product,40217.13,5,0.1,2010.86
CA-2025-100177,2025-10-13,2025-10-15,First Class,Customer_135,Corporate,India,Mumbai,West,Office Supplies,Paper,Paper Product,34983.17,4,0.2,0.0
CA-2025-100178,2026-12-22,2026-12-26,First Class,Customer_70,Consumer,India,Kolkata,East,Technology,Accessories,Accessories Product,48609.25,4,0.05,3645.69
CA-2025-100179,2026-04-08,2026-04-10,Standard Class,Customer_149,Corporate,India,Ahmedabad,West,Office Supplies,Storage,Storage Product,46782.0,1,0.2,0.0
CA-2025-100180,2025-06-11,2025-06-13,First Class,Customer_253,Consumer,India,Hyderabad,South,Technology,Phones,Phones Product,8583.24,2,0.05,643.74
CA-2025-100181,2026-01-05,2026-01-10,Standard Class,Customer_45,Consumer,India,Lucknow,North,Furniture,Furnishings,Furnishings Product,56275.95,5,0.05,4220.7
CA-2025-100182,2025-11-13,2025-11-17,First Class,Customer_163,Home Office,India,Ahmedabad,West,Technology,Accessories,Accessories Product,53864.6,5,0.0,5386.46
CA-2025-100183,2025-03-17,2025-03-21,First Class,Customer_67,Corporate,India,Ahmedabad,West,Technology,Laptops,Laptops Product,24181.58,5,0.2,0.0
CA-2025-100184,2026-05-30,2026-05-31,Standard Class,Customer_116,Corporate,India,Mumbai,West,Technology,Phones,Phones Product,21358.31,2,0.1,1067.92
CA-2025-100185,2026-06-16,2026-06-19,First Class,Customer_156,Home Office,India,Mumbai,West,Furniture,Tables,Tables Product,44490.49,5,0.1,2224.52
CA-2025-100186,2026-07-01,2026-07-02,First Class,Customer_173,Home Office,India,Chandigarh,North,Technology,Phones,Phones Product,41467.41,5,0.05,3110.06
CA-2025-100187,2025-02-12,2025-02-13,Standard Class,Customer_16,Corporate,India,Mumbai,West,Office Supplies,Storage,Storage Product,45613.99,5,0.15,1140.35
CA-2025-100188,2026-10-05,2026-10-10,Second Class,Customer_38,Home Office,India,Pune,West,Technology,Accessories,Accessories Product,33857.84,4,0.1,1692.89
CA-2025-100189,2025-03-03,2025-03-05,First Class,Customer_161,Home Office,India,Ahmedabad,West,Furniture,Furnishings,Furnishings Product,32564.51,3,0.2,0.0
CA-2025-100190,2025-11-23,2025-11-26,First Class,Customer_239,Consumer,India,Jaipur,North,Office Supplies,Storage,Storage Product,36097.11,1,0.1,1804.86
CA-2025-100191,2025-10-01,2025-10-05,Second Class,Customer_128,Consumer,India,Kolkata,East,Office Supplies,Binders,Binders Product,3637.31,4,0.2,0.0
CA-2025-100192,2025-12-02,2025-12-07,Second Class,Customer_158,Corporate,India,Hyderabad,South,Office Supplies,Paper,Paper Product,34928.76,5,0.15,873.22
CA-2025-100193,2025-01-24,2025-01-25,Second Class,Customer_25,Consumer,India,Jaipur,North,Technology,Accessories,Accessories Product,67671.4,2,0.2,0.0
CA-2025-100194,2025-10-16,2025-10-20,First Class,Customer_221,Consumer,India,Lucknow,North,Technology,Laptops,Laptops Product,32994.02,5,0.0,3299.4
CA-2025-100195,2025-09-28,2025-10-01,First Class,Customer_186,Home Office,India,Jaipur,North,Furniture,Chairs,Chairs Product,28100.66,5,0.2,0.0
CA-2025-100196,2025-10-23,2025-10-24,Standard Class,Customer_61,Consumer,India,Jaipur,North,Technology,Accessories,Accessories Product,53531.85,3,0.2,0.0
CA-2025-100197,2025-04-10,2025-04-14,Standard Class,Customer_206,Home Office,India,Hyderabad,South,Furniture,Bookcases,Bookcases Product,52872.07,2,0.2,0.0
CA-2025-100198,2025-02-11,2025-02-12,First Class,Customer_264,Consumer,India,Delhi,North,Office Supplies,Storage,Storage Product,56297.21,5,0.15,1407.43
CA-2025-100199,2025-12-02,2025-12-07,Second Class,Customer_260,Home Office,India,Hyderabad,South,Office Supplies,Art,Art Product,69344.04,3,0.2,0.0
CA-2025-100200,2026-06-30,2026-07-04,Standard Class,Customer_57,Corporate,India,Lucknow,North,Furniture,Furnishings,Furnishings Product,57120.84,3,0.1,2856.04
CA-2025-100201,2026-08-21,2026-08-24,First Class,Customer_27,Home Office,India,Delhi,North,Technology,Accessories,Accessories Product,18660.58,5,0.2,0.0
CA-2025-100202,2026-05-07,2026-05-09,Standard Class,Customer_125,Consumer,India,Chandigarh,North,Technology,Laptops,Laptops Product,43419.53,4,0.05,3256.46
CA-2025-100203,2026-08-10,2026-08-11,Standard Class,Customer_105,Corporate,India,Kolkata,East,Office Supplies,Art,Art Product,22027.1,2,0.15,550.68
CA-2025-100204,2026-05-29,2026-06-03,First Class,Customer_288,Corporate,India,Ahmedabad,West,Technology,Laptops,Laptops Product,4453.46,2,0.2,0.0
CA-2025-100205,2026-11-10,2026-11-14,Second Class,Customer_280,Corporate,India,Chandigarh,North,Furniture,Bookcases,Bookcases Product,66972.32,4,0.2,0.0
CA-2025-100206,2026-11-24,2026-11-27,Second Class,Customer_116,Corporate,India,Lucknow,North,Furniture,Tables,Tables Product,67017.88,3,0.2,0.0
CA-2025-100207,2025-10-23,2025-10-25,First Class,Customer_294,Home Office,India,Ahmedabad,West,Furniture,Furnishings,Furnishings Product,24481.34,3,0.1,1224.07
CA-2025-100208,2026-07-11,2026-07-15,Second Class,Customer_227,Home Office,India,Jaipur,North,Furniture,Tables,Tables Product,20402.64,3,0.0,2040.26
CA-2025-100209,2025-09-20,2025-09-24,First Class,Customer_123,Consumer,India,Kolkata,East,Office Supplies,Storage,Storage Product,65318.37,3,0.05,4898.88
CA-2025-100210,2025-02-21,2025-02-26,Standard Class,Customer_242,Consumer,India,Kolkata,East,Technology,Phones,Phones Product,3769.13,4,0.1,188.46
CA-2025-100211,2026-11-29,2026-12-01,Standard Class,Customer_103,Corporate,India,Delhi,North,Technology,Phones,Phones Product,28542.83,4,0.15,713.57
CA-2025-100212,2025-11-25,2025-11-28,Second Class,Customer_91,Consumer,India,Delhi,North,Office Supplies,Paper,Paper Product,37507.14,1,0.05,2813.04
CA-2025-100213,2026-02-11,2026-02-15,Standard Class,Customer_55,Corporate,India,Bangalore,South,Technology,Accessories,Accessories Product,61384.35,1,0.1,3069.22
CA-2025-100214,2025-10-19,2025-10-23,Second Class,Customer_140,Consumer,India,Chandigarh,North,Technology,Accessories,Accessories Product,62259.27,2,0.2,0.0
CA-2025-100215,2025-04-26,2025-04-29,Standard Class,Customer_173,Corporate,India,Bangalore,South,Technology,Accessories,Accessories Product,45415.15,2,0.0,4541.52
CA-2025-100216,2026-08-05,2026-08-07,Second Class,Customer_45,Corporate,India,Bangalore,South,Technology,Laptops,Laptops Product,62803.29,4,0.2,0.0
CA-2025-100217,2026-11-17,2026-11-18,Second Class,Customer_197,Consumer,India,Bangalore,South,Office Supplies,Art,Art Product,22719.76,2,0.0,2271.98
CA-2025-100218,2026-04-03,2026-04-06,First Class,Customer_61,Corporate,India,Hyderabad,South,Furniture,Chairs,Chairs Product,18382.57,3,0.05,1378.69
CA-2025-100219,2025-11-11,2025-11-13,Standard Class,Customer_152,Corporate,India,Jaipur,North,Technology,Laptops,Laptops Product,64625.11,3,0.0,6462.51
CA-2025-100220,2026-09-22,2026-09-24,Second Class,Customer_282,Corporate,India,Kolkata,East,Office Supplies,Art,Art Product,10807.67,5,0.1,540.38
CA-2025-100221,2026-07-05,2026-07-07,Second Class,Customer_271,Home Office,India,Kolkata,East,Technology,Laptops,Laptops Product,61132.14,1,0.2,0.0
CA-2025-100222,2026-01-06,2026-01-07,Standard Class,Customer_275,Consumer,India,Lucknow,North,Office Supplies,Binders,Binders Product,58031.31,5,0.05,4352.35
CA-2025-100223,2025-06-18,2025-06-21,First Class,Customer_262,Corporate,India,Chandigarh,North,Furniture,Chairs,Chairs Product,47652.64,5,0.15,1191.32
CA-2025-100224,2025-02-26,2025-03-02,Second Class,Customer_158,Home Office,India,Bangalore,South,Technology,Accessories,Accessories Product,32030.21,1,0.2,0.0
CA-2025-100225,2025-01-23,2025-01-27,Second Class,Customer_33,Home Office,India,Pune,West,Office Supplies,Paper,Paper Product,40523.96,1,0.15,1013.1
CA-2025-100226,2025-03-03,2025-03-04,Second Class,Customer_196,Corporate,India,Ahmedabad,West,Office Supplies,Storage,Storage Product,28679.8,2,0.15,717.0
CA-2025-100227,2026-01-22,2026-01-26,First Class,Customer_92,Home Office,India,Mumbai,West,Technology,Laptops,Laptops Product,61231.31,2,0.1,3061.57
CA-2025-100228,2026-02-07,2026-02-12,Second Class,Customer_279,Corporate,India,Bangalore,South,Technology,Phones,Phones Product,58454.03,1,0.1,2922.7
CA-2025-100229,2026-06-29,2026-07-03,Standard Class,Customer_58,Consumer,India,Kolkata,East,Office Supplies,Art,Art Product,24296.57,3,0.05,1822.24
CA-2025-100230,2026-11-08,2026-11-12,First Class,Customer_229,Home Office,India,Lucknow,North,Office Supplies,Paper,Paper Product,14505.11,1,0.2,0.0
CA-2025-100231,2026-11-20,2026-11-21,First Class,Customer_29,Consumer,India,Kolkata,East,Technology,Phones,Phones Product,28218.35,2,0.2,0.0
CA-2025-100232,2026-05-31,2026-06-03,First Class,Customer_155,Consumer,India,Kolkata,East,Technology,Laptops,Laptops Product,22391.37,5,0.1,1119.57
CA-2025-100233,2026-11-08,2026-11-13,Standard Class,Customer_90,Home Office,India,Kolkata,East,Furniture,Bookcases,Bookcases Product,19333.26,5,0.2,0.0
CA-2025-100234,2026-11-27,2026-12-01,Second Class,Customer_214,Corporate,India,Chandigarh,North,Furniture,Chairs,Chairs Product,68063.09,4,0.2,0.0
CA-2025-100235,2025-06-02,2025-06-05,Standard Class,Customer_74,Corporate,India,Jaipur,North,Office Supplies,Art,Art Product,16943.68,2,0.1,847.18
CA-2025-100236,2025-03-01,2025-03-06,Second Class,Customer_41,Corporate,India,Jaipur,North,Furniture,Tables,Tables Product,27250.49,3,0.05,2043.79
CA-2025-100237,2026-01-15,2026-01-16,Standard Class,Customer_21,Consumer,India,Chandigarh,North,Technology,Phones,Phones Product,3702.41,4,0.2,0.0
CA-2025-100238,2025-07-12,2025-07-17,First Class,Customer_109,Consumer,India,Chandigarh,North,Office Supplies,Art,Art Product,14701.35,3,0.1,735.07
CA-2025-100239,2025-05-01,2025-05-05,Standard Class,Customer_165,Corporate,India,Kolkata,East,Technology,Laptops,Laptops Product,49293.42,4,0.05,3697.01
CA-2025-100240,2026-01-25,2026-01-29,Second Class,Customer_239,Consumer,India,Chandigarh,North,Technology,Accessories,Accessories Product,21658.72,3,0.2,0.0
CA-2025-100241,2026-04-26,2026-04-29,Standard Class,Customer_75,Consumer,India,Kolkata,East,Furniture,Bookcases,Bookcases Product,29033.72,5,0.05,2177.53
CA-2025-100242,2025-09-25,2025-09-30,Second Class,Customer_118,Corporate,India,Lucknow,North,Technology,Laptops,Laptops Product,29288.71,2,0.05,2196.65
CA-2025-100243,2026-08-07,2026-08-09,Second Class,Customer_252,Corporate,India,Ahmedabad,West,Technology,Laptops,Laptops Product,66048.17,3,0.1,3302.41
CA-2025-100244,2025-06-22,2025-06-25,Standard Class,Customer_18,Consumer,India,Bangalore,South,Office Supplies,Art,Art Product,12964.94,5,0.0,1296.49
CA-2025-100245,2026-11-16,2026-11-17,Standard Class,Customer_78,Consumer,India,Delhi,North,Furniture,Tables,Tables Product,58993.88,2,0.0,5899.39
CA-2025-100246,2025-08-12,2025-08-17,Standard Class,Customer_250,Consumer,India,Ahmedabad,West,Furniture,Chairs,Chairs Product,43286.68,5,0.15,1082.17
CA-2025-100247,2025-01-07,2025-01-12,Second Class,Customer_9,Home Office,India,Chandigarh,North,Furniture,Chairs,Chairs Product,1269.16,3,0.2,0.0
CA-2025-100248,2026-12-16,2026-12-20,Standard Class,Customer_270,Corporate,India,Bangalore,South,Office Supplies,Binders,Binders Product,36754.54,2,0.05,2756.59
CA-2025-100249,2025-12-29,2026-01-01,First Class,Customer_116,Corporate,India,Jaipur,North,Office Supplies,Storage,Storage Product,67154.92,4,0.2,0.0
CA-2025-100250,2026-12-02,2026-12-03,First Class,Customer_5,Home Office,India,Delhi,North,Office Supplies,Art,Art Product,26610.56,5,0.15,665.26
CA-2025-100251,2025-06-25,2025-06-26,First Class,Customer_118,Consumer,India,Ahmedabad,West,Furniture,Bookcases,Bookcases Product,39653.38,1,0.2,0.0
CA-2025-100252,2026-12-10,2026-12-15,Standard Class,Customer_17,Consumer,India,Ahmedabad,West,Furniture,Chairs,Chairs Product,64698.73,3,0.2,0.0
CA-2025-100253,2025-11-19,2025-11-20,Second Class,Customer_84,Home Office,India,Kolkata,East,Technology,Phones,Phones Product,52682.59,4,0.0,5268.26
CA-2025-100254,2025-09-04,2025-09-09,Standard Class,Customer_178,Consumer,India,Jaipur,North,Technology,Laptops,Laptops Product,23287.92,2,0.0,2328.79
CA-2025-100255,2025-04-11,2025-04-15,Second Class,Customer_168,Consumer,India,Kolkata,East,Office Supplies,Storage,Storage Product,42401.3,5,0.2,0.0
CA-2025-100256,2026-10-12,2026-10-15,First Class,Customer_300,Home Office,India,Ahmedabad,West,Furniture,Tables,Tables Product,24971.2,4,0.15,624.28
CA-2025-100257,2026-01-25,2026-01-26,First Class,Customer_195,Home Office,India,Lucknow,North,Furniture,Tables,Tables Product,49946.29,1,0.1,2497.31
CA-2025-100258,2026-10-12,2026-10-14,Second Class,Customer_185,Corporate,India,Jaipur,North,Furniture,Bookcases,Bookcases Product,7547.91,1,0.1,377.4
CA-2025-100259,2025-04-15,2025-04-17,Second Class,Customer_53,Consumer,India,Mumbai,West,Office Supplies,Art,Art Product,31474.17,5,0.2,0.0
CA-2025-100260,2025-04-02,2025-04-05,Second Class,Customer_199,Consumer,India,Chandigarh,North,Office Supplies,Storage,Storage Product,60473.9,1,0.1,3023.7
CA-2025-100261,2026-07-27,2026-07-29,Second Class,Customer_155,Corporate,India,Lucknow,North,Technology,Phones,Phones Product,48003.59,2,0.05,3600.27
CA-2025-100262,2026-05-20,2026-05-22,First Class,Customer_185,Corporate,India,Mumbai,West,Office Supplies,Art,Art Product,19389.73,3,0.15,484.74
CA-2025-100263,2025-09-10,2025-09-14,First Class,Customer_203,Corporate,India,Lucknow,North,Technology,Phones,Phones Product,32104.53,2,0.1,1605.23
CA-2025-100264,2026-09-28,2026-10-02,Second Class,Customer_165,Home Office,India,Hyderabad,South,Furniture,Bookcases,Bookcases Product,30200.07,5,0.05,2265.01
CA-2025-100265,2026-12-13,2026-12-15,Standard Class,Customer_252,Home Office,India,Ahmedabad,West,Furniture,Tables,Tables Product,67523.77,3,0.1,3376.19
CA-2025-100266,2025-09-06,2025-09-09,Standard Class,Customer_280,Consumer,India,Jaipur,North,Furniture,Furnishings,Furnishings Product,25614.59,5,0.05,1921.09
CA-2025-100267,2026-11-30,2026-12-05,Second Class,Customer_36,Corporate,India,Delhi,North,Technology,Accessories,Accessories Product,66013.95,2,0.15,1650.35
CA-2025-100268,2026-11-21,2026-11-25,Second Class,Customer_38,Corporate,India,Bangalore,South,Technology,Accessories,Accessories Product,17017.28,2,0.15,425.43
CA-2025-100269,2026-09-05,2026-09-09,Standard Class,Customer_44,Consumer,India,Lucknow,North,Furniture,Furnishings,Furnishings Product,38100.8,3,0.2,0.0
CA-2025-100270,2025-09-12,2025-09-15,Second Class,Customer_55,Consumer,India,Bangalore,South,Technology,Laptops,Laptops Product,3196.34,4,0.1,159.82
CA-2025-100271,2025-04-11,2025-04-14,First Class,Customer_229,Corporate,India,Kolkata,East,Technology,Laptops,Laptops Product,36363.96,5,0.2,0.0
CA-2025-100272,2026-02-05,2026-02-09,First Class,Customer_152,Corporate,India,Lucknow,North,Technology,Laptops,Laptops Product,10637.07,1,0.15,265.93
CA-2025-100273,2025-03-29,2025-03-30,Second Class,Customer_179,Corporate,India,Bangalore,South,Furniture,Bookcases,Bookcases Product,24080.36,2,0.2,0.0
CA-2025-100274,2025-04-10,2025-04-14,Second Class,Customer_56,Home Office,India,Ahmedabad,West,Furniture,Chairs,Chairs Product,21088.46,1,0.0,2108.85
CA-2025-100275,2025-06-18,2025-06-20,First Class,Customer_208,Home Office,India,Chandigarh,North,Office Supplies,Paper,Paper Product,23236.18,4,0.15,580.9
CA-2025-100276,2025-07-08,2025-07-10,Standard Class,Customer_220,Corporate,India,Jaipur,North,Furniture,Chairs,Chairs Product,51643.45,2,0.15,1291.09
CA-2025-100277,2025-01-05,2025-01-07,Second Class,Customer_167,Consumer,India,Kolkata,East,Furniture,Chairs,Chairs Product,40456.62,5,0.05,3034.25
CA-2025-100278,2026-04-14,2026-04-15,Second Class,Customer_201,Home Office,India,Pune,West,Technology,Accessories,Accessories Product,36987.28,3,0.2,0.0
CA-2025-100279,2025-04-27,2025-04-30,Standard Class,Customer_44,Home Office,India,Hyderabad,South,Furniture,Tables,Tables Product,56980.3,3,0.2,0.0
CA-2025-100280,2025-05-18,2025-05-21,Standard Class,Customer_199,Corporate,India,Mumbai,West,Office Supplies,Storage,Storage Product,8274.73,3,0.05,620.6
CA-2025-100281,2026-09-03,2026-09-05,Standard Class,Customer_86,Corporate,India,Lucknow,North,Furniture,Furnishings,Furnishings Product,13084.18,5,0.05,981.31
CA-2025-100282,2025-10-23,2025-10-25,Second Class,Customer_70,Consumer,India,Bangalore,South,Furniture,Furnishings,Furnishings Product,43396.76,3,0.0,4339.68
CA-2025-100283,2026-01-29,2026-02-03,Standard Class,Customer_228,Corporate,India,Chandigarh,North,Technology,Accessories,Accessories Product,28698.49,4,0.15,717.46
CA-2025-100284,2025-06-21,2025-06-22,Standard Class,Customer_148,Consumer,India,Lucknow,North,Office Supplies,Paper,Paper Product,20517.08,3,0.05,1538.78
CA-2025-100285,2026-04-14,2026-04-19,Standard Class,Customer_188,Home Office,India,Ahmedabad,West,Technology,Laptops,Laptops Product,8013.45,1,0.1,400.67
CA-2025-100286,2025-02-12,2025-02-16,First Class,Customer_231,Corporate,India,Chandigarh,North,Office Supplies,Art,Art Product,7258.91,2,0.1,362.95
CA-2025-100287,2025-12-23,2025-12-24,Standard Class,Customer_220,Consumer,India,Ahmedabad,West,Office Supplies,Paper,Paper Product,14770.48,5,0.1,738.52
CA-2025-100288,2026-09-23,2026-09-25,Standard Class,Customer_276,Consumer,India,Kolkata,East,Office Supplies,Binders,Binders Product,39948.2,5,0.1,1997.41
CA-2025-100289,2025-11-28,2025-12-01,First Class,Customer_211,Consumer,India,Pune,West,Technology,Accessories,Accessories Product,66672.57,5,0.0,6667.26
CA-2025-100290,2025-10-11,2025-10-13,Second Class,Customer_73,Home Office,India,Bangalore,South,Office Supplies,Paper,Paper Product,49826.5,2,0.15,1245.66
CA-2025-100291,2026-10-10,2026-10-13,Standard Class,Customer_143,Home Office,India,Jaipur,North,Furniture,Furnishings,Furnishings Product,5378.59,1,0.15,134.46
CA-2025-100292,2026-01-13,2026-01-17,Standard Class,Customer_184,Consumer,India,Ahmedabad,West,Furniture,Chairs,Chairs Product,60836.65,1,0.15,1520.92
CA-2025-100293,2026-07-02,2026-07-06,Second Class,Customer_281,Home Office,India,Kolkata,East,Furniture,Tables,Tables Product,34680.57,3,0.1,1734.03
CA-2025-100294,2025-05-14,2025-05-19,First Class,Customer_81,Corporate,India,Ahmedabad,West,Furniture,Chairs,Chairs Product,3311.41,4,0.0,331.14
CA-2025-100295,2026-04-13,2026-04-14,Second Class,Customer_48,Home Office,India,Jaipur,North,Office Supplies,Paper,Paper Product,61762.13,3,0.05,4632.16
CA-2025-100296,2026-01-05,2026-01-08,Second Class,Customer_47,Home Office,India,Mumbai,West,Furniture,Tables,Tables Product,3719.93,3,0.05,278.99
CA-2025-100297,2025-04-08,2025-04-09,Standard Class,Customer_228,Consumer,India,Kolkata,East,Furniture,Chairs,Chairs Product,9375.72,2,0.2,0.0
CA-2025-100298,2025-01-09,2025-01-12,First Class,Customer_53,Consumer,India,Mumbai,West,Furniture,Tables,Tables Product,33491.25,2,0.15,837.28
CA-2025-100299,2025-11-17,2025-11-20,First Class,Customer_272,Home Office,India,Pune,West,Office Supplies,Art,Art Product,54164.89,2,0.05,4062.37
CA-2025-100300,2025-01-09,2025-01-14,Standard Class,Customer_227,Consumer,India,Bangalore,South,Furniture,Bookcases,Bookcases Product,50598.0,2,0.15,1264.95
CA-2025-100301,2025-03-30,2025-03-31,First Class,Customer_127,Corporate,India,Bangalore,South,Office Supplies,Art,Art Product,24672.34,4,0.1,1233.62
CA-2025-100302,2026-10-23,2026-10-24,Standard Class,Customer_14,Home Office,India,Kolkata,East,Technology,Laptops,Laptops Product,42040.55,5,0.1,2102.03
CA-2025-100303,2025-11-05,2025-11-07,Standard Class,Customer_28,Consumer,India,Chandigarh,North,Technology,Laptops,Laptops Product,13286.39,4,0.1,664.32
CA-2025-100304,2026-05-22,2026-05-26,First Class,Customer_185,Corporate,India,Mumbai,West,Office Supplies,Art,Art Product,44701.95,1,0.2,0.0
CA-2025-100305,2025-05-16,2025-05-20,First Class,Customer_9,Home Office,India,Lucknow,North,Furniture,Bookcases,Bookcases Product,38290.3,2,0.15,957.26
CA-2025-100306,2025-03-11,2025-03-12,Second Class,Customer_257,Corporate,India,Pune,West,Office Supplies,Binders,Binders Product,64588.29,4,0.2,0.0
CA-2025-100307,2026-03-10,2026-03-14,First Class,Customer_159,Consumer,India,Mumbai,West,Technology,Laptops,Laptops Product,37682.11,2,0.1,1884.11
CA-2025-100308,2026-06-08,2026-06-10,Standard Class,Customer_224,Home Office,India,Bangalore,South,Technology,Accessories,Accessories Product,27412.13,1,0.1,1370.61
CA-2025-100309,2025-09-02,2025-09-03,First Class,Customer_159,Home Office,India,Kolkata,East,Office Supplies,Art,Art Product,8207.46,5,0.2,0.0
CA-2025-100310,2026-11-05,2026-11-07,Second Class,Customer_268,Home Office,India,Mumbai,West,Office Supplies,Paper,Paper Product,49134.82,2,0.15,1228.37
CA-2025-100311,2025-09-23,2025-09-25,Second Class,Customer_220,Corporate,India,Hyderabad,South,Office Supplies,Storage,Storage Product,51332.22,1,0.0,5133.22
CA-2025-100312,2026-06-21,2026-06-22,Standard Class,Customer_185,Consumer,India,Pune,West,Technology,Laptops,Laptops Product,43964.55,4,0.15,1099.11
CA-2025-100313,2026-05-27,2026-06-01,Standard Class,Customer_60,Consumer,India,Bangalore,South,Furniture,Tables,Tables Product,17932.61,1,0.2,0.0
CA-2025-100314,2026-06-06,2026-06-07,First Class,Customer_92,Consumer,India,Delhi,North,Office Supplies,Paper,Paper Product,3314.11,3,0.15,82.85
CA-2025-100315,2026-07-21,2026-07-25,First Class,Customer_293,Corporate,India,Kolkata,East,Furniture,Tables,Tables Product,29196.34,3,0.1,1459.82
CA-2025-100316,2025-05-03,2025-05-08,First Class,Customer_239,Corporate,India,Delhi,North,Office Supplies,Paper,Paper Product,56323.23,1,0.15,1408.08
CA-2025-100317,2025-11-15,2025-11-18,Standard Class,Customer_156,Home Office,India,Mumbai,West,Technology,Accessories,Accessories Product,657.05,2,0.1,32.85
CA-2025-100318,2026-09-30,2026-10-02,First Class,Customer_78,Consumer,India,Ahmedabad,West,Furniture,Furnishings,Furnishings Product,69845.32,2,0.2,0.0
CA-2025-100319,2026-02-24,2026-02-25,First Class,Customer_193,Home Office,India,Kolkata,East,Technology,Accessories,Accessories Product,44552.33,1,0.1,2227.62
CA-2025-100320,2025-11-11,2025-11-12,Standard Class,Customer_144,Consumer,India,Kolkata,East,Technology,Phones,Phones Product,29445.13,1,0.05,2208.38
CA-2025-100321,2025-02-14,2025-02-16,First Class,Customer_259,Consumer,India,Chandigarh,North,Furniture,Bookcases,Bookcases Product,32146.22,1,0.2,0.0
CA-2025-100322,2026-10-15,2026-10-19,Second Class,Customer_134,Corporate,India,Mumbai,West,Technology,Laptops,Laptops Product,4453.57,2,0.05,334.02
CA-2025-100323,2026-02-07,2026-02-10,Standard Class,Customer_56,Consumer,India,Hyderabad,South,Furniture,Bookcases,Bookcases Product,16429.42,2,0.05,1232.21
CA-2025-100324,2025-04-19,2025-04-21,First Class,Customer_232,Corporate,India,Ahmedabad,West,Furniture,Bookcases,Bookcases Product,28515.23,5,0.1,1425.76
CA-2025-100325,2026-04-20,2026-04-23,First Class,Customer_111,Corporate,India,Mumbai,West,Office Supplies,Paper,Paper Product,56551.02,3,0.2,0.0
CA-2025-100326,2025-06-01,2025-06-02,First Class,Customer_16,Corporate,India,Kolkata,East,Furniture,Furnishings,Furnishings Product,35990.83,3,0.1,1799.54
CA-2025-100327,2026-04-09,2026-04-14,First Class,Customer_32,Consumer,India,Chandigarh,North,Office Supplies,Binders,Binders Product,32396.82,2,0.0,3239.68
CA-2025-100328,2025-05-14,2025-05-16,First Class,Customer_34,Consumer,India,Jaipur,North,Furniture,Chairs,Chairs Product,40804.43,3,0.0,4080.44
CA-2025-100329,2026-10-24,2026-10-28,First Class,Customer_294,Corporate,India,Bangalore,South,Office Supplies,Storage,Storage Product,8664.68,4,0.0,866.47
CA-2025-100330,2026-02-09,2026-02-13,Second Class,Customer_144,Corporate,India,Delhi,North,Furniture,Furnishings,Furnishings Product,12179.22,2,0.05,913.44
CA-2025-100331,2025-06-02,2025-06-03,Second Class,Customer_282,Corporate,India,Lucknow,North,Technology,Laptops,Laptops Product,17280.36,3,0.15,432.01
CA-2025-100332,2025-03-04,2025-03-05,Standard Class,Customer_279,Consumer,India,Pune,West,Furniture,Tables,Tables Product,29404.51,5,0.05,2205.34
CA-2025-100333,2026-01-27,2026-01-30,Second Class,Customer_199,Corporate,India,Ahmedabad,West,Technology,Accessories,Accessories Product,24147.98,5,0.2,0.0
CA-2025-100334,2025-07-04,2025-07-05,Second Class,Customer_272,Corporate,India,Hyderabad,South,Technology,Phones,Phones Product,2148.31,3,0.0,214.83
CA-2025-100335,2026-08-22,2026-08-24,Standard Class,Customer_29,Consumer,India,Bangalore,South,Office Supplies,Paper,Paper Product,46014.82,3,0.2,0.0
CA-2025-100336,2026-08-13,2026-08-17,Standard Class,Customer_15,Home Office,India,Hyderabad,South,Office Supplies,Paper,Paper Product,16634.92,3,0.1,831.75
CA-2025-100337,2026-12-19,2026-12-22,Standard Class,Customer_159,Consumer,India,Lucknow,North,Technology,Phones,Phones Product,39461.31,2,0.15,986.53
CA-2025-100338,2026-05-18,2026-05-19,Second Class,Customer_1,Corporate,India,Mumbai,West,Office Supplies,Paper,Paper Product,42156.23,1,0.2,0.0
CA-2025-100339,2026-09-21,2026-09-23,First Class,Customer_76,Home Office,India,Bangalore,South,Furniture,Tables,Tables Product,64322.78,3,0.0,6432.28
CA-2025-100340,2026-12-23,2026-12-25,Standard Class,Customer_52,Corporate,India,Mumbai,West,Technology,Accessories,Accessories Product,67243.06,3,0.15,1681.08
CA-2025-100341,2025-11-06,2025-11-09,First Class,Customer_288,Home Office,India,Bangalore,South,Office Supplies,Art,Art Product,55449.79,4,0.1,2772.49
CA-2025-100342,2026-09-21,2026-09-24,Standard Class,Customer_151,Consumer,India,Kolkata,East,Technology,Laptops,Laptops Product,57030.35,4,0.1,2851.52
CA-2025-100343,2025-07-01,2025-07-02,First Class,Customer_290,Consumer,India,Lucknow,North,Furniture,Chairs,Chairs Product,12827.51,3,0.2,0.0
CA-2025-100344,2026-05-24,2026-05-26,Standard Class,Customer_46,Home Office,India,Hyderabad,South,Technology,Phones,Phones Product,16735.92,3,0.05,1255.19
CA-2025-100345,2026-11-18,2026-11-21,Second Class,Customer_56,Home Office,India,Ahmedabad,West,Office Supplies,Storage,Storage Product,14756.93,1,0.1,737.85
CA-2025-100346,2025-01-02,2025-01-03,Second Class,Customer_180,Home Office,India,Jaipur,North,Furniture,Furnishings,Furnishings Product,67840.22,4,0.15,1696.01
CA-2025-100347,2026-01-20,2026-01-21,Second Class,Customer_38,Consumer,India,Ahmedabad,West,Technology,Laptops,Laptops Product,53101.22,2,0.05,3982.59
CA-2025-100348,2025-10-29,2025-10-30,First Class,Customer_39,Home Office,India,Hyderabad,South,Furniture,Chairs,Chairs Product,5286.61,2,0.15,132.17
CA-2025-100349,2025-04-06,2025-04-09,Standard Class,Customer_223,Consumer,India,Lucknow,North,Technology,Accessories,Accessories Product,49344.87,4,0.05,3700.87
CA-2025-100350,2025-02-24,2025-02-25,Second Class,Customer_145,Corporate,India,Hyderabad,South,Office Supplies,Paper,Paper Product,28708.66,5,0.2,0.0
CA-2025-100351,2025-09-01,2025-09-02,Second Class,Customer_45,Corporate,India,Delhi,North,Furniture,Furnishings,Furnishings Product,10835.94,3,0.0,1083.59
CA-2025-100352,2026-11-09,2026-11-14,First Class,Customer_243,Consumer,India,Ahmedabad,West,Office Supplies,Binders,Binders Product,1898.92,2,0.1,94.95
CA-2025-100353,2025-11-12,2025-11-16,First Class,Customer_190,Corporate,India,Ahmedabad,West,Furniture,Bookcases,Bookcases Product,6470.47,5,0.15,161.76
CA-2025-100354,2026-01-14,2026-01-16,Second Class,Customer_289,Consumer,India,Ahmedabad,West,Office Supplies,Storage,Storage Product,30837.86,3,0.05,2312.84
CA-2025-100355,2025-06-04,2025-06-05,First Class,Customer_284,Consumer,India,Mumbai,West,Technology,Accessories,Accessories Product,56591.79,4,0.2,0.0
CA-2025-100356,2026-02-01,2026-02-06,First Class,Customer_244,Corporate,India,Jaipur,North,Technology,Laptops,Laptops Product,60695.89,4,0.2,0.0
CA-2025-100357,2025-03-22,2025-03-26,First Class,Customer_62,Corporate,India,Delhi,North,Technology,Laptops,Laptops Product,63041.81,5,0.2,0.0
CA-2025-100358,2025-06-27,2025-06-29,First Class,Customer_76,Home Office,India,Kolkata,East,Office Supplies,Paper,Paper Product,3083.05,1,0.15,77.08
CA-2025-100359,2025-09-22,2025-09-25,Second Class,Customer_267,Corporate,India,Mumbai,West,Office Supplies,Art,Art Product,38989.86,5,0.1,1949.49
CA-2025-100360,2025-01-13,2025-01-18,Standard Class,Customer_299,Consumer,India,Lucknow,North,Technology,Accessories,Accessories Product,7965.07,2,0.05,597.38
CA-2025-100361,2025-04-19,2025-04-24,Standard Class,Customer_249,Home Office,India,Mumbai,West,Furniture,Bookcases,Bookcases Product,61464.76,3,0.15,1536.62
CA-2025-100362,2026-09-16,2026-09-20,Standard Class,Customer_206,Consumer,India,Delhi,North,Office Supplies,Storage,Storage Product,28267.88,5,0.2,0.0
CA-2025-100363,2026-02-10,2026-02-13,Second Class,Customer_156,Corporate,India,Kolkata,East,Office Supplies,Art,Art Product,64466.37,3,0.0,6446.64
CA-2025-100364,2025-10-15,2025-10-19,Second Class,Customer_214,Home Office,India,Mumbai,West,Office Supplies,Paper,Paper Product,21103.58,4,0.1,1055.18
CA-2025-100365,2026-10-24,2026-10-25,Standard Class,Customer_192,Consumer,India,Kolkata,East,Furniture,Tables,Tables Product,63948.95,4,0.15,1598.72
CA-2025-100366,2026-06-12,2026-06-14,First Class,Customer_89,Consumer,India,Mumbai,West,Furniture,Furnishings,Furnishings Product,9581.92,5,0.2,0.0
CA-2025-100367,2025-07-25,2025-07-26,Second Class,Customer_189,Corporate,India,Kolkata,East,Office Supplies,Art,Art Product,3634.09,3,0.05,272.56
CA-2025-100368,2026-06-02,2026-06-06,Second Class,Customer_91,Corporate,India,Mumbai,West,Technology,Phones,Phones Product,17011.47,4,0.2,0.0
CA-2025-100369,2026-08-24,2026-08-29,Second Class,Customer_15,Corporate,India,Hyderabad,South,Furniture,Tables,Tables Product,58652.0,3,0.0,5865.2
CA-2025-100370,2025-02-20,2025-02-22,Standard Class,Customer_210,Home Office,India,Lucknow,North,Office Supplies,Paper,Paper Product,45351.85,2,0.1,2267.59
CA-2025-100371,2025-01-21,2025-01-22,Second Class,Customer_157,Home Office,India,Ahmedabad,West,Office Supplies,Paper,Paper Product,42119.82,1,0.05,3158.99
CA-2025-100372,2026-12-28,2026-12-31,Second Class,Customer_267,Home Office,India,Jaipur,North,Furniture,Bookcases,Bookcases Product,32183.96,2,0.15,804.6
CA-2025-100373,2026-02-11,2026-02-16,Second Class,Customer_153,Home Office,India,Mumbai,West,Office Supplies,Storage,Storage Product,39345.85,5,0.2,0.0
CA-2025-100374,2025-04-21,2025-04-25,Standard Class,Customer_153,Consumer,India,Mumbai,West,Furniture,Bookcases,Bookcases Product,44877.57,3,0.1,2243.88
CA-2025-100375,2025-06-03,2025-06-08,Standard Class,Customer_255,Corporate,India,Kolkata,East,Office Supplies,Art,Art Product,46271.07,2,0.0,4627.11
CA-2025-100376,2025-09-23,2025-09-27,Second Class,Customer_114,Home Office,India,Jaipur,North,Furniture,Chairs,Chairs Product,40853.36,5,0.05,3064.0
CA-2025-100377,2026-07-02,2026-07-06,Second Class,Customer_50,Corporate,India,Hyderabad,South,Technology,Accessories,Accessories Product,59194.81,5,0.05,4439.61
CA-2025-100378,2025-05-12,2025-05-15,First Class,Customer_158,Corporate,India,Chandigarh,North,Office Supplies,Storage,Storage Product,45844.98,2,0.1,2292.25
CA-2025-100379,2025-12-06,2025-12-09,First Class,Customer_299,Home Office,India,Pune,West,Technology,Accessories,Accessories Product,32516.87,1,0.15,812.92
CA-2025-100380,2026-09-28,2026-09-29,Second Class,Customer_212,Consumer,India,Ahmedabad,West,Office Supplies,Binders,Binders Product,60738.09,4,0.2,0.0
CA-2025-100381,2025-06-04,2025-06-06,Second Class,Customer_93,Consumer,India,Kolkata,East,Furniture,Furnishings,Furnishings Product,69104.69,4,0.05,5182.85
CA-2025-100382,2026-05-15,2026-05-18,First Class,Customer_296,Consumer,India,Bangalore,South,Furniture,Chairs,Chairs Product,429.47,3,0.05,32.21
CA-2025-100383,2026-05-17,2026-05-18,Second Class,Customer_197,Consumer,India,Bangalore,South,Technology,Accessories,Accessories Product,44380.78,4,0.15,1109.52
CA-2025-100384,2025-02-08,2025-02-13,First Class,Customer_10,Home Office,India,Kolkata,East,Technology,Accessories,Accessories Product,66509.8,3,0.2,0.0
CA-2025-100385,2025-01-05,2025-01-07,Standard Class,Customer_157,Consumer,India,Kolkata,East,Technology,Accessories,Accessories Product,21915.25,1,0.15,547.88
CA-2025-100386,2025-03-08,2025-03-09,Second Class,Customer_223,Home Office,India,Pune,West,Furniture,Furnishings,Furnishings Product,50975.45,5,0.2,0.0
CA-2025-100387,2025-05-18,2025-05-21,First Class,Customer_115,Home Office,India,Ahmedabad,West,Furniture,Tables,Tables Product,11625.36,4,0.0,1162.54
CA-2025-100388,2025-05-15,2025-05-17,Second Class,Customer_131,Home Office,India,Delhi,North,Technology,Laptops,Laptops Product,11912.03,3,0.0,1191.2
CA-2025-100389,2026-10-01,2026-10-02,Standard Class,Customer_60,Corporate,India,Lucknow,North,Office Supplies,Binders,Binders Product,45784.38,1,0.0,4578.44
CA-2025-100390,2026-03-31,2026-04-04,Standard Class,Customer_5,Corporate,India,Mumbai,West,Technology,Accessories,Accessories Product,33260.3,2,0.05,2494.52
CA-2025-100391,2026-03-07,2026-03-08,Standard Class,Customer_61,Corporate,India,Chandigarh,North,Furniture,Tables,Tables Product,29375.92,1,0.2,0.0
CA-2025-100392,2025-04-27,2025-04-28,Second Class,Customer_210,Corporate,India,Ahmedabad,West,Office Supplies,Paper,Paper Product,54479.33,5,0.05,4085.95
CA-2025-100393,2025-06-14,2025-06-15,First Class,Customer_2,Consumer,India,Chandigarh,North,Furniture,Tables,Tables Product,48205.45,4,0.1,2410.27
CA-2025-100394,2026-11-19,2026-11-20,First Class,Customer_52,Corporate,India,Mumbai,West,Technology,Laptops,Laptops Product,34637.87,1,0.2,0.0
CA-2025-100395,2026-10-22,2026-10-24,First Class,Customer_149,Corporate,India,Ahmedabad,West,Furniture,Bookcases,Bookcases Product,32552.99,1,0.05,2441.47
CA-2025-100396,2026-11-25,2026-11-28,First Class,Customer_88,Corporate,India,Jaipur,North,Technology,Phones,Phones Product,6740.39,1,0.0,674.04
CA-2025-100397,2026-01-02,2026-01-06,First Class,Customer_206,Corporate,India,Lucknow,North,Furniture,Chairs,Chairs Product,26146.29,3,0.05,1960.97
CA-2025-100398,2026-04-13,2026-04-16,First Class,Customer_31,Consumer,India,Jaipur,North,Technology,Accessories,Accessories Product,56012.95,2,0.0,5601.3
CA-2025-100399,2025-04-17,2025-04-21,Standard Class,Customer_15,Home Office,India,Lucknow,North,Furniture,Furnishings,Furnishings Product,12770.11,4,0.1,638.51
CA-2025-100400,2025-05-14,2025-05-18,Standard Class,Customer_161,Consumer,India,Ahmedabad,West,Office Supplies,Art,Art Product,30904.08,1,0.1,1545.2
CA-2025-100401,2026-12-23,2026-12-28,Standard Class,Customer_49,Corporate,India,Lucknow,North,Technology,Laptops,Laptops Product,15756.55,3,0.2,0.0
CA-2025-100402,2026-11-09,2026-11-11,First Class,Customer_6,Home Office,India,Ahmedabad,West,Furniture,Furnishings,Furnishings Product,10490.95,5,0.2,0.0
CA-2025-100403,2025-06-10,2025-06-15,First Class,Customer_170,Corporate,India,Ahmedabad,West,Furniture,Tables,Tables Product,5333.08,4,0.1,266.65
CA-2025-100404,2025-02-21,2025-02-26,Second Class,Customer_228,Home Office,India,Kolkata,East,Technology,Laptops,Laptops Product,26566.77,2,0.0,2656.68
CA-2025-100405,2026-04-04,2026-04-05,First Class,Customer_207,Corporate,India,Ahmedabad,West,Furniture,Bookcases,Bookcases Product,8397.61,4,0.0,839.76
CA-2025-100406,2025-02-06,2025-02-11,Standard Class,Customer_288,Consumer,India,Chandigarh,North,Office Supplies,Binders,Binders Product,55445.65,5,0.1,2772.28
CA-2025-100407,2026-11-02,2026-11-06,Standard Class,Customer_243,Home Office,India,Hyderabad,South,Furniture,Chairs,Chairs Product,57179.55,4,0.1,2858.98
CA-2025-100408,2026-11-04,2026-11-07,Second Class,Customer_182,Home Office,India,Ahmedabad,West,Office Supplies,Binders,Binders Product,53176.46,2,0.0,5317.65
CA-2025-100409,2025-10-26,2025-10-31,First Class,Customer_210,Consumer,India,Chandigarh,North,Furniture,Chairs,Chairs Product,3299.89,2,0.15,82.5
CA-2025-100410,2025-09-18,2025-09-23,Second Class,Customer_98,Home Office,India,Kolkata,East,Office Supplies,Binders,Binders Product,65122.12,4,0.05,4884.16
CA-2025-100411,2025-12-13,2025-12-14,Standard Class,Customer_259,Consumer,India,Jaipur,North,Office Supplies,Binders,Binders Product,54072.95,4,0.15,1351.82
CA-2025-100412,2026-05-26,2026-05-27,Second Class,Customer_261,Consumer,India,Chandigarh,North,Technology,Phones,Phones Product,38770.52,4,0.2,0.0
CA-2025-100413,2026-12-10,2026-12-15,Second Class,Customer_259,Corporate,India,Bangalore,South,Technology,Phones,Phones Product,7338.42,5,0.2,0.0
CA-2025-100414,2026-03-05,2026-03-10,First Class,Customer_71,Corporate,India,Kolkata,East,Furniture,Furnishings,Furnishings Product,67455.19,3,0.15,1686.38
CA-2025-100415,2026-09-09,2026-09-14,First Class,Customer_108,Home Office,India,Pune,West,Technology,Laptops,Laptops Product,60263.46,5,0.05,4519.76
CA-2025-100416,2025-10-25,2025-10-28,Standard Class,Customer_166,Home Office,India,Bangalore,South,Technology,Laptops,Laptops Product,68265.05,2,0.2,0.0
CA-2025-100417,2025-04-29,2025-05-02,Second Class,Customer_7,Home Office,India,Chandigarh,North,Furniture,Furnishings,Furnishings Product,47229.62,5,0.1,2361.48
CA-2025-100418,2025-04-20,2025-04-21,First Class,Customer_147,Home Office,India,Jaipur,North,Office Supplies,Binders,Binders Product,46950.77,2,0.1,2347.54
CA-2025-100419,2025-09-14,2025-09-16,Second Class,Customer_232,Consumer,India,Delhi,North,Technology,Accessories,Accessories Product,14359.66,5,0.0,1435.97
CA-2025-100420,2026-09-23,2026-09-28,Standard Class,Customer_148,Home Office,India,Kolkata,East,Technology,Laptops,Laptops Product,39332.81,2,0.2,0.0
CA-2025-100421,2026-11-12,2026-11-13,First Class,Customer_7,Home Office,India,Jaipur,North,Furniture,Furnishings,Furnishings Product,66973.47,3,0.2,0.0
CA-2025-100422,2025-09-15,2025-09-17,Standard Class,Customer_101,Home Office,India,Lucknow,North,Furniture,Tables,Tables Product,63812.9,3,0.2,0.0
CA-2025-100423,2025-07-18,2025-07-21,First Class,Customer_194,Consumer,India,Ahmedabad,West,Office Supplies,Binders,Binders Product,13169.66,2,0.2,0.0
CA-2025-100424,2026-03-15,2026-03-18,Second Class,Customer_239,Home Office,India,Chandigarh,North,Furniture,Tables,Tables Product,11348.93,3,0.0,1134.89
CA-2025-100425,2025-06-08,2025-06-09,Second Class,Customer_294,Home Office,India,Bangalore,South,Furniture,Chairs,Chairs Product,54178.9,5,0.1,2708.95
CA-2025-100426,2026-01-02,2026-01-03,Standard Class,Customer_82,Corporate,India,Hyderabad,South,Technology,Phones,Phones Product,66993.44,5,0.0,6699.34
CA-2025-100427,2026-07-11,2026-07-16,Second Class,Customer_185,Corporate,India,Jaipur,North,Office Supplies,Storage,Storage Product,15561.75,2,0.1,778.09
CA-2025-100428,2025-08-12,2025-08-17,First Class,Customer_125,Consumer,India,Chandigarh,North,Furniture,Chairs,Chairs Product,8119.06,3,0.15,202.98
CA-2025-100429,2026-11-30,2026-12-03,Standard Class,Customer_192,Home Office,India,Jaipur,North,Office Supplies,Art,Art Product,18035.68,3,0.0,1803.57
CA-2025-100430,2026-06-05,2026-06-09,Standard Class,Customer_43,Consumer,India,Ahmedabad,West,Office Supplies,Storage,Storage Product,62889.88,2,0.1,3144.49
CA-2025-100431,2025-06-21,2025-06-26,First Class,Customer_106,Home Office,India,Chandigarh,North,Office Supplies,Binders,Binders Product,14833.63,2,0.15,370.84
CA-2025-100432,2026-12-21,2026-12-25,First Class,Customer_45,Consumer,India,Mumbai,West,Technology,Laptops,Laptops Product,10847.44,4,0.1,542.37
CA-2025-100433,2025-02-25,2025-02-27,Second Class,Customer_199,Corporate,India,Pune,West,Technology,Phones,Phones Product,40289.86,2,0.1,2014.49
CA-2025-100434,2026-10-08,2026-10-12,First Class,Customer_33,Home Office,India,Jaipur,North,Furniture,Chairs,Chairs Product,27326.18,1,0.2,0.0
CA-2025-100435,2026-08-23,2026-08-24,First Class,Customer_145,Corporate,India,Mumbai,West,Furniture,Chairs,Chairs Product,20359.58,3,0.2,0.0
CA-2025-100436,2026-01-26,2026-01-30,Standard Class,Customer_152,Home Office,India,Delhi,North,Furniture,Tables,Tables Product,37389.4,2,0.15,934.74
CA-2025-100437,2025-05-28,2025-05-31,Standard Class,Customer_202,Home Office,India,Hyderabad,South,Office Supplies,Paper,Paper Product,8714.14,1,0.2,0.0
CA-2025-100438,2026-07-15,2026-07-16,First Class,Customer_95,Consumer,India,Pune,West,Office Supplies,Storage,Storage Product,14900.41,5,0.05,1117.53
CA-2025-100439,2026-09-24,2026-09-27,Standard Class,Customer_237,Home Office,India,Kolkata,East,Office Supplies,Paper,Paper Product,47001.36,5,0.0,4700.14
CA-2025-100440,2026-07-17,2026-07-18,Second Class,Customer_170,Corporate,India,Pune,West,Technology,Phones,Phones Product,17623.06,2,0.2,0.0
CA-2025-100441,2025-05-12,2025-05-14,Second Class,Customer_169,Home Office,India,Mumbai,West,Furniture,Chairs,Chairs Product,63018.29,3,0.15,1575.46
CA-2025-100442,2026-11-07,2026-11-10,First Class,Customer_161,Consumer,India,Lucknow,North,Office Supplies,Storage,Storage Product,56558.21,4,0.05,4241.87
CA-2025-100443,2025-08-15,2025-08-19,Second Class,Customer_229,Corporate,India,Pune,West,Furniture,Tables,Tables Product,47602.65,3,0.15,1190.07
CA-2025-100444,2025-11-09,2025-11-13,First Class,Customer_276,Consumer,India,Chandigarh,North,Office Supplies,Paper,Paper Product,45224.06,1,0.1,2261.2
CA-2025-100445,2025-09-27,2025-09-28,Standard Class,Customer_109,Consumer,India,Mumbai,West,Office Supplies,Binders,Binders Product,56903.7,5,0.15,1422.59
CA-2025-100446,2026-07-19,2026-07-22,Second Class,Customer_115,Home Office,India,Chandigarh,North,Technology,Accessories,Accessories Product,45808.18,2,0.1,2290.41
CA-2025-100447,2025-10-25,2025-10-27,First Class,Customer_123,Home Office,India,Ahmedabad,West,Technology,Laptops,Laptops Product,6429.73,3,0.2,0.0
CA-2025-100448,2026-12-02,2026-12-04,Standard Class,Customer_75,Home Office,India,Chandigarh,North,Office Supplies,Art,Art Product,11229.65,5,0.2,0.0
CA-2025-100449,2026-05-11,2026-05-14,First Class,Customer_22,Home Office,India,Delhi,North,Office Supplies,Art,Art Product,16299.32,3,0.1,814.97
CA-2025-100450,2025-07-31,2025-08-05,Standard Class,Customer_166,Consumer,India,Hyderabad,South,Furniture,Furnishings,Furnishings Product,64261.35,1,0.0,6426.14
CA-2025-100451,2026-12-22,2026-12-27,Second Class,Customer_194,Corporate,India,Pune,West,Technology,Accessories,Accessories Product,40546.34,5,0.05,3040.98
CA-2025-100452,2026-08-25,2026-08-26,Second Class,Customer_181,Corporate,India,Chandigarh,North,Furniture,Furnishings,Furnishings Product,68089.92,2,0.2,0.0
CA-2025-100453,2026-05-14,2026-05-18,Standard Class,Customer_144,Consumer,India,Lucknow,North,Office Supplies,Paper,Paper Product,30848.92,2,0.0,3084.89
CA-2025-100454,2025-06-03,2025-06-05,Standard Class,Customer_59,Corporate,India,Bangalore,South,Furniture,Chairs,Chairs Product,46311.56,4,0.1,2315.58
CA-2025-100455,2026-11-23,2026-11-27,First Class,Customer_23,Consumer,India,Ahmedabad,West,Office Supplies,Paper,Paper Product,45343.42,4,0.0,4534.34
CA-2025-100456,2026-08-11,2026-08-16,First Class,Customer_133,Consumer,India,Bangalore,South,Office Supplies,Binders,Binders Product,62366.76,2,0.0,6236.68
CA-2025-100457,2026-06-14,2026-06-18,First Class,Customer_230,Home Office,India,Lucknow,North,Technology,Laptops,Laptops Product,1401.54,3,0.0,140.15
CA-2025-100458,2026-04-28,2026-05-02,Standard Class,Customer_262,Corporate,India,Bangalore,South,Office Supplies,Art,Art Product,42098.63,5,0.05,3157.4
CA-2025-100459,2025-06-21,2025-06-24,First Class,Customer_56,Consumer,India,Ahmedabad,West,Technology,Laptops,Laptops Product,4912.12,4,0.15,122.8
CA-2025-100460,2025-07-27,2025-08-01,First Class,Customer_244,Home Office,India,Chandigarh,North,Technology,Accessories,Accessories Product,57873.34,5,0.0,5787.33
CA-2025-100461,2026-09-07,2026-09-08,Standard Class,Customer_1,Home Office,India,Chandigarh,North,Technology,Phones,Phones Product,6613.98,2,0.2,0.0
CA-2025-100462,2026-10-27,2026-10-31,First Class,Customer_247,Corporate,India,Chandigarh,North,Furniture,Bookcases,Bookcases Product,61250.22,5,0.15,1531.26
CA-2025-100463,2025-12-25,2025-12-30,First Class,Customer_146,Home Office,India,Lucknow,North,Office Supplies,Art,Art Product,9458.43,4,0.05,709.38
CA-2025-100464,2026-07-11,2026-07-15,Standard Class,Customer_61,Home Office,India,Pune,West,Office Supplies,Binders,Binders Product,49669.5,1,0.2,0.0
CA-2025-100465,2025-01-08,2025-01-12,Second Class,Customer_300,Corporate,India,Kolkata,East,Technology,Accessories,Accessories Product,28678.27,1,0.05,2150.87
CA-2025-100466,2025-09-25,2025-09-30,Second Class,Customer_283,Home Office,India,Jaipur,North,Technology,Accessories,Accessories Product,42870.46,4,0.05,3215.28
CA-2025-100467,2026-05-10,2026-05-12,Second Class,Customer_204,Home Office,India,Hyderabad,South,Technology,Laptops,Laptops Product,33914.84,3,0.2,0.0
CA-2025-100468,2025-05-22,2025-05-23,Second Class,Customer_282,Home Office,India,Kolkata,East,Furniture,Tables,Tables Product,7109.48,5,0.15,177.74
CA-2025-100469,2026-12-15,2026-12-16,Standard Class,Customer_223,Consumer,India,Bangalore,South,Furniture,Chairs,Chairs Product,56325.42,2,0.15,1408.14
CA-2025-100470,2025-03-07,2025-03-10,Standard Class,Customer_267,Corporate,India,Kolkata,East,Furniture,Chairs,Chairs Product,42671.12,4,0.15,1066.78
CA-2025-100471,2026-12-30,2027-01-04,Second Class,Customer_100,Consumer,India,Delhi,North,Office Supplies,Art,Art Product,30784.15,2,0.2,0.0
CA-2025-100472,2026-09-06,2026-09-11,First Class,Customer_1,Consumer,India,Chandigarh,North,Technology,Phones,Phones Product,43101.78,1,0.1,2155.09
CA-2025-100473,2025-03-30,2025-04-02,First Class,Customer_36,Consumer,India,Jaipur,North,Furniture,Furnishings,Furnishings Product,28441.02,2,0.2,0.0
CA-2025-100474,2026-07-17,2026-07-20,Standard Class,Customer_100,Corporate,India,Chandigarh,North,Technology,Accessories,Accessories Product,24388.51,3,0.05,1829.14
CA-2025-100475,2026-02-18,2026-02-23,First Class,Customer_258,Corporate,India,Delhi,North,Furniture,Tables,Tables Product,28558.71,1,0.2,0.0
CA-2025-100476,2025-12-15,2025-12-16,Second Class,Customer_125,Corporate,India,Chandigarh,North,Furniture,Bookcases,Bookcases Product,48624.01,4,0.2,0.0
CA-2025-100477,2026-04-15,2026-04-19,Standard Class,Customer_113,Home Office,India,Lucknow,North,Office Supplies,Art,Art Product,8227.15,1,0.15,205.68
CA-2025-100478,2026-12-20,2026-12-22,First Class,Customer_148,Consumer,India,Hyderabad,South,Furniture,Bookcases,Bookcases Product,36203.64,1,0.1,1810.18
CA-2025-100479,2026-02-13,2026-02-16,Standard Class,Customer_138,Consumer,India,Mumbai,West,Technology,Phones,Phones Product,33411.23,3,0.05,2505.84
CA-2025-100480,2026-12-01,2026-12-03,First Class,Customer_118,Consumer,India,Ahmedabad,West,Technology,Phones,Phones Product,16516.81,2,0.1,825.84
CA-2025-100481,2025-09-13,2025-09-18,Standard Class,Customer_4,Home Office,India,Hyderabad,South,Office Supplies,Binders,Binders Product,8479.51,1,0.15,211.99
CA-2025-100482,2025-02-13,2025-02-17,Second Class,Customer_94,Home Office,India,Hyderabad,South,Technology,Accessories,Accessories Product,34514.59,5,0.1,1725.73
CA-2025-100483,2025-10-14,2025-10-18,Standard Class,Customer_17,Home Office,India,Kolkata,East,Technology,Phones,Phones Product,3884.96,4,0.15,97.12
CA-2025-100484,2025-12-22,2025-12-26,Standard Class,Customer_5,Consumer,India,Bangalore,South,Furniture,Chairs,Chairs Product,48907.3,4,0.1,2445.37
CA-2025-100485,2026-11-22,2026-11-24,First Class,Customer_281,Corporate,India,Jaipur,North,Technology,Phones,Phones Product,22847.99,5,0.1,1142.4
CA-2025-100486,2025-08-31,2025-09-03,First Class,Customer_215,Home Office,India,Ahmedabad,West,Technology,Accessories,Accessories Product,25678.1,4,0.15,641.95
CA-2025-100487,2026-01-17,2026-01-20,Standard Class,Customer_118,Consumer,India,Jaipur,North,Furniture,Furnishings,Furnishings Product,12674.26,2,0.2,0.0
CA-2025-100488,2025-10-04,2025-10-06,First Class,Customer_91,Corporate,India,Chandigarh,North,Furniture,Furnishings,Furnishings Product,13804.82,2,0.15,345.12
CA-2025-100489,2026-05-27,2026-05-29,Second Class,Customer_288,Home Office,India,Chandigarh,North,Technology,Laptops,Laptops Product,22169.33,4,0.1,1108.47
CA-2025-100490,2025-02-18,2025-02-22,Standard Class,Customer_50,Corporate,India,Mumbai,West,Technology,Phones,Phones Product,4296.54,3,0.15,107.41
CA-2025-100491,2025-12-09,2025-12-12,Second Class,Customer_102,Home Office,India,Hyderabad,South,Furniture,Bookcases,Bookcases Product,24155.41,4,0.0,2415.54
CA-2025-100492,2026-08-13,2026-08-18,Standard Class,Customer_229,Consumer,India,Bangalore,South,Furniture,Bookcases,Bookcases Product,22823.81,5,0.15,570.6
CA-2025-100493,2026-01-26,2026-01-31,Standard Class,Customer_293,Corporate,India,Pune,West,Furniture,Tables,Tables Product,60791.21,3,0.15,1519.78
CA-2025-100494,2025-03-15,2025-03-16,Standard Class,Customer_203,Corporate,India,Bangalore,South,Furniture,Tables,Tables Product,22012.4,3,0.1,1100.62
CA-2025-100495,2026-04-01,2026-04-04,First Class,Customer_121,Home Office,India,Lucknow,North,Technology,Accessories,Accessories Product,29037.84,2,0.0,2903.78
CA-2025-100496,2025-09-15,2025-09-16,Standard Class,Customer_28,Consumer,India,Kolkata,East,Office Supplies,Art,Art Product,7300.35,1,0.15,182.51
CA-2025-100497,2026-02-11,2026-02-16,Second Class,Customer_118,Consumer,India,Mumbai,West,Office Supplies,Storage,Storage Product,43305.34,1,0.15,1082.63
CA-2025-100498,2025-10-18,2025-10-22,Second Class,Customer_240,Home Office,India,Bangalore,South,Office Supplies,Paper,Paper Product,2097.13,3,0.1,104.86
CA-2025-100499,2025-10-06,2025-10-11,Second Class,Customer_269,Home Office,India,Ahmedabad,West,Office Supplies,Paper,Paper Product,41399.08,4,0.2,0.0
CA-2026-100500,2026-10-17,2026-10-22,Second Class,Customer_188,Corporate,India,Pune,West,Furniture,Furnishings,Furnishings Product,37822.8,1,0.15,945.57
CA-2026-100501,2025-09-24,2025-09-26,Second Class,Customer_241,Home Office,India,Pune,West,Office Supplies,Binders,Binders Product,36679.81,2,0.1,1833.99
CA-2026-100502,2025-01-09,2025-01-13,First Class,Customer_4,Home Office,India,Ahmedabad,West,Furniture,Chairs,Chairs Product,53634.26,3,0.2,0.0
CA-2026-100503,2026-01-18,2026-01-20,Second Class,Customer_113,Corporate,India,Jaipur,North,Technology,Accessories,Accessories Product,27693.17,2,0.15,692.33
CA-2026-100504,2025-03-23,2025-03-27,Standard Class,Customer_273,Corporate,India,Kolkata,East,Technology,Laptops,Laptops Product,56549.49,3,0.1,2827.47
CA-2026-100505,2026-02-27,2026-03-01,Second Class,Customer_140,Home Office,India,Mumbai,West,Office Supplies,Paper,Paper Product,20342.71,4,0.2,0.0
CA-2026-100506,2026-09-30,2026-10-04,First Class,Customer_53,Corporate,India,Kolkata,East,Furniture,Chairs,Chairs Product,10735.24,5,0.0,1073.52
CA-2026-100507,2025-10-03,2025-10-05,Second Class,Customer_112,Corporate,India,Ahmedabad,West,Technology,Phones,Phones Product,16373.45,2,0.0,1637.35
CA-2026-100508,2026-03-07,2026-03-10,First Class,Customer_75,Consumer,India,Ahmedabad,West,Furniture,Furnishings,Furnishings Product,48815.74,1,0.1,2440.79
CA-2026-100509,2025-09-30,2025-10-04,First Class,Customer_63,Home Office,India,Mumbai,West,Technology,Accessories,Accessories Product,12794.1,3,0.15,319.85
CA-2026-100510,2025-09-12,2025-09-16,Standard Class,Customer_107,Corporate,India,Ahmedabad,West,Office Supplies,Binders,Binders Product,14022.67,1,0.2,0.0
CA-2026-100511,2026-02-03,2026-02-06,First Class,Customer_130,Corporate,India,Hyderabad,South,Office Supplies,Binders,Binders Product,52156.25,5,0.2,0.0
CA-2026-100512,2026-10-16,2026-10-19,First Class,Customer_223,Corporate,India,Kolkata,East,Furniture,Chairs,Chairs Product,60469.67,2,0.0,6046.97
CA-2026-100513,2025-01-16,2025-01-18,First Class,Customer_298,Home Office,India,Pune,West,Technology,Phones,Phones Product,27767.0,2,0.0,2776.7
CA-2026-100514,2026-05-02,2026-05-07,Standard Class,Customer_174,Home Office,India,Bangalore,South,Furniture,Chairs,Chairs Product,17485.69,4,0.0,1748.57
CA-2026-100515,2025-03-03,2025-03-04,Second Class,Customer_120,Corporate,India,Hyderabad,South,Technology,Phones,Phones Product,49122.84,1,0.05,3684.21
CA-2026-100516,2026-07-26,2026-07-29,Standard Class,Customer_69,Corporate,India,Ahmedabad,West,Technology,Phones,Phones Product,1592.56,4,0.1,79.63
CA-2026-100517,2025-02-10,2025-02-14,Standard Class,Customer_96,Home Office,India,Ahmedabad,West,Technology,Accessories,Accessories Product,38037.11,4,0.05,2852.78
CA-2026-100518,2025-12-23,2025-12-26,Second Class,Customer_135,Home Office,India,Ahmedabad,West,Furniture,Tables,Tables Product,4914.47,2,0.15,122.86
CA-2026-100519,2026-01-11,2026-01-15,Standard Class,Customer_187,Home Office,India,Delhi,North,Technology,Laptops,Laptops Product,26595.15,2,0.0,2659.52
CA-2026-100520,2025-09-02,2025-09-05,Standard Class,Customer_255,Home Office,India,Mumbai,West,Technology,Laptops,Laptops Product,57351.58,2,0.2,0.0
CA-2026-100521,2025-06-07,2025-06-12,Standard Class,Customer_35,Consumer,India,Pune,West,Furniture,Furnishings,Furnishings Product,44899.18,1,0.0,4489.92
CA-2026-100522,2025-05-13,2025-05-15,Standard Class,Customer_199,Home Office,India,Delhi,North,Office Supplies,Binders,Binders Product,34027.38,1,0.0,3402.74
CA-2026-100523,2026-05-17,2026-05-22,Standard Class,Customer_37,Consumer,India,Lucknow,North,Technology,Laptops,Laptops Product,17990.1,3,0.05,1349.26
CA-2026-100524,2025-08-02,2025-08-06,Standard Class,Customer_30,Home Office,India,Mumbai,West,Furniture,Chairs,Chairs Product,25328.73,4,0.1,1266.44
CA-2026-100525,2025-09-30,2025-10-05,Standard Class,Customer_50,Consumer,India,Delhi,North,Technology,Phones,Phones Product,58428.51,1,0.05,4382.14
CA-2026-100526,2025-08-25,2025-08-30,Standard Class,Customer_92,Home Office,India,Jaipur,North,Office Supplies,Paper,Paper Product,36880.82,2,0.2,0.0
CA-2026-100527,2026-07-26,2026-07-30,First Class,Customer_86,Consumer,India,Mumbai,West,Technology,Laptops,Laptops Product,25121.64,4,0.15,628.04
CA-2026-100528,2026-07-18,2026-07-22,Second Class,Customer_162,Home Office,India,Chandigarh,North,Furniture,Tables,Tables Product,37419.64,5,0.15,935.49
CA-2026-100529,2025-11-29,2025-12-02,First Class,Customer_289,Home Office,India,Jaipur,North,Technology,Accessories,Accessories Product,57848.23,3,0.2,0.0
CA-2026-100530,2025-08-08,2025-08-12,Second Class,Customer_1,Home Office,India,Chandigarh,North,Technology,Accessories,Accessories Product,25264.6,4,0.15,631.62
CA-2026-100531,2025-02-05,2025-02-08,Second Class,Customer_114,Consumer,India,Lucknow,North,Office Supplies,Paper,Paper Product,69539.5,3,0.0,6953.95
CA-2026-100532,2025-11-19,2025-11-20,First Class,Customer_20,Corporate,India,Pune,West,Technology,Laptops,Laptops Product,38986.98,5,0.05,2924.02
CA-2026-100533,2025-12-31,2026-01-02,Second Class,Customer_154,Consumer,India,Bangalore,South,Furniture,Bookcases,Bookcases Product,62284.81,2,0.05,4671.36
CA-2026-100534,2026-08-08,2026-08-12,Second Class,Customer_296,Consumer,India,Lucknow,North,Office Supplies,Binders,Binders Product,50678.28,4,0.05,3800.87
CA-2026-100535,2026-09-02,2026-09-05,Second Class,Customer_223,Corporate,India,Delhi,North,Technology,Laptops,Laptops Product,26770.07,1,0.1,1338.5
CA-2026-100536,2025-05-04,2025-05-06,Second Class,Customer_277,Home Office,India,Lucknow,North,Office Supplies,Art,Art Product,3883.54,5,0.0,388.35
CA-2026-100537,2025-06-03,2025-06-06,Standard Class,Customer_295,Home Office,India,Chandigarh,North,Technology,Phones,Phones Product,10808.5,4,0.15,270.21
CA-2026-100538,2025-04-03,2025-04-05,Second Class,Customer_293,Home Office,India,Jaipur,North,Furniture,Furnishings,Furnishings Product,10446.07,3,0.0,1044.61
CA-2026-100539,2025-02-20,2025-02-25,First Class,Customer_247,Home Office,India,Jaipur,North,Furniture,Chairs,Chairs Product,27957.04,4,0.05,2096.78
CA-2026-100540,2025-07-22,2025-07-26,First Class,Customer_125,Consumer,India,Jaipur,North,Technology,Laptops,Laptops Product,13807.34,5,0.2,0.0
CA-2026-100541,2025-09-30,2025-10-04,Second Class,Customer_179,Consumer,India,Hyderabad,South,Technology,Laptops,Laptops Product,6362.67,4,0.15,159.07
CA-2026-100542,2025-11-25,2025-11-28,Standard Class,Customer_227,Home Office,India,Lucknow,North,Technology,Phones,Phones Product,53900.72,2,0.1,2695.04
CA-2026-100543,2025-05-30,2025-06-03,First Class,Customer_28,Consumer,India,Delhi,North,Office Supplies,Paper,Paper Product,48006.61,2,0.0,4800.66
CA-2026-100544,2026-09-28,2026-09-30,Second Class,Customer_242,Consumer,India,Pune,West,Office Supplies,Storage,Storage Product,48596.29,1,0.1,2429.81
CA-2026-100545,2025-12-06,2025-12-08,Second Class,Customer_73,Home Office,India,Chandigarh,North,Office Supplies,Paper,Paper Product,38295.05,3,0.2,0.0
CA-2026-100546,2026-12-17,2026-12-18,First Class,Customer_146,Consumer,India,Jaipur,North,Technology,Laptops,Laptops Product,36923.26,3,0.05,2769.24
CA-2026-100547,2026-12-15,2026-12-20,Second Class,Customer_139,Home Office,India,Pune,West,Office Supplies,Art,Art Product,45867.58,1,0.0,4586.76
CA-2026-100548,2026-11-07,2026-11-10,Second Class,Customer_261,Home Office,India,Mumbai,West,Office Supplies,Storage,Storage Product,60731.99,4,0.05,4554.9
CA-2026-100549,2025-04-12,2025-04-15,Second Class,Customer_288,Home Office,India,Ahmedabad,West,Technology,Laptops,Laptops Product,6252.64,2,0.2,0.0
CA-2026-100550,2025-01-23,2025-01-24,First Class,Customer_178,Home Office,India,Kolkata,East,Technology,Accessories,Accessories Product,23416.52,4,0.05,1756.24
CA-2026-100551,2025-12-27,2025-12-30,First Class,Customer_285,Corporate,India,Pune,West,Office Supplies,Storage,Storage Product,56851.31,3,0.15,1421.28
CA-2026-100552,2025-08-19,2025-08-21,Standard Class,Customer_117,Corporate,India,Hyderabad,South,Furniture,Tables,Tables Product,6236.87,4,0.2,0.0
CA-2026-100553,2025-09-04,2025-09-09,Standard Class,Customer_68,Consumer,India,Bangalore,South,Furniture,Bookcases,Bookcases Product,63690.5,3,0.15,1592.26
CA-2026-100554,2026-10-31,2026-11-02,Standard Class,Customer_269,Consumer,India,Lucknow,North,Technology,Laptops,Laptops Product,56027.34,2,0.1,2801.37
CA-2026-100555,2026-03-17,2026-03-19,First Class,Customer_163,Consumer,India,Lucknow,North,Office Supplies,Storage,Storage Product,4840.2,5,0.0,484.02
CA-2026-100556,2025-01-31,2025-02-03,First Class,Customer_55,Consumer,India,Jaipur,North,Furniture,Bookcases,Bookcases Product,31066.01,3,0.05,2329.95
CA-2026-100557,2025-07-09,2025-07-10,Standard Class,Customer_119,Consumer,India,Lucknow,North,Technology,Accessories,Accessories Product,42431.76,5,0.05,3182.38
CA-2026-100558,2026-12-05,2026-12-06,Standard Class,Customer_192,Consumer,India,Hyderabad,South,Office Supplies,Art,Art Product,9472.66,5,0.15,236.82
CA-2026-100559,2026-02-01,2026-02-05,First Class,Customer_139,Corporate,India,Ahmedabad,West,Office Supplies,Paper,Paper Product,13608.86,1,0.15,340.22
CA-2026-100560,2025-08-16,2025-08-18,Second Class,Customer_167,Corporate,India,Kolkata,East,Office Supplies,Paper,Paper Product,64904.51,4,0.2,0.0
CA-2026-100561,2025-09-10,2025-09-14,Standard Class,Customer_293,Home Office,India,Jaipur,North,Office Supplies,Art,Art Product,50442.04,4,0.2,0.0
CA-2026-100562,2026-07-04,2026-07-09,Standard Class,Customer_276,Corporate,India,Delhi,North,Technology,Phones,Phones Product,31667.51,1,0.05,2375.06
CA-2026-100563,2025-02-10,2025-02-15,Second Class,Customer_204,Corporate,India,Jaipur,North,Technology,Laptops,Laptops Product,67385.2,2,0.1,3369.26
CA-2026-100564,2025-10-20,2025-10-24,First Class,Customer_238,Home Office,India,Bangalore,South,Furniture,Bookcases,Bookcases Product,42958.09,1,0.2,0.0
CA-2026-100565,2026-04-08,2026-04-09,Second Class,Customer_212,Corporate,India,Chandigarh,North,Office Supplies,Paper,Paper Product,54533.31,5,0.05,4090.0
CA-2026-100566,2026-04-07,2026-04-08,Second Class,Customer_84,Home Office,India,Bangalore,South,Furniture,Tables,Tables Product,61790.14,1,0.1,3089.51
CA-2026-100567,2025-05-07,2025-05-08,Standard Class,Customer_197,Home Office,India,Mumbai,West,Technology,Accessories,Accessories Product,44421.66,1,0.2,0.0
CA-2026-100568,2026-06-08,2026-06-13,Standard Class,Customer_77,Consumer,India,Bangalore,South,Furniture,Furnishings,Furnishings Product,3169.04,2,0.1,158.45
CA-2026-100569,2025-05-29,2025-05-31,Standard Class,Customer_93,Consumer,India,Delhi,North,Furniture,Bookcases,Bookcases Product,21735.33,4,0.1,1086.77
CA-2026-100570,2025-05-15,2025-05-17,Standard Class,Customer_3,Home Office,India,Delhi,North,Technology,Accessories,Accessories Product,953.32,4,0.15,23.83
CA-2026-100571,2026-05-21,2026-05-23,First Class,Customer_4,Consumer,India,Kolkata,East,Technology,Laptops,Laptops Product,33352.27,4,0.15,833.81
CA-2026-100572,2026-07-15,2026-07-18,First Class,Customer_76,Consumer,India,Lucknow,North,Technology,Laptops,Laptops Product,57426.49,2,0.0,5742.65
CA-2026-100573,2026-10-31,2026-11-03,Second Class,Customer_45,Consumer,India,Delhi,North,Office Supplies,Binders,Binders Product,46723.06,5,0.1,2336.15
CA-2026-100574,2025-04-22,2025-04-26,Standard Class,Customer_91,Corporate,India,Bangalore,South,Office Supplies,Storage,Storage Product,42815.17,5,0.2,0.0
CA-2026-100575,2026-08-16,2026-08-19,Second Class,Customer_282,Consumer,India,Delhi,North,Office Supplies,Storage,Storage Product,22665.25,4,0.0,2266.53
CA-2026-100576,2025-10-27,2025-10-31,First Class,Customer_108,Home Office,India,Bangalore,South,Office Supplies,Storage,Storage Product,23111.68,4,0.2,0.0
CA-2026-100577,2025-03-01,2025-03-02,Standard Class,Customer_148,Corporate,India,Lucknow,North,Technology,Laptops,Laptops Product,37073.37,1,0.15,926.83
CA-2026-100578,2026-09-16,2026-09-19,Standard Class,Customer_289,Corporate,India,Pune,West,Technology,Laptops,Laptops Product,69652.2,3,0.05,5223.92
CA-2026-100579,2026-06-17,2026-06-21,First Class,Customer_13,Corporate,India,Ahmedabad,West,Office Supplies,Paper,Paper Product,49630.24,2,0.0,4963.02
CA-2026-100580,2026-10-03,2026-10-04,Standard Class,Customer_109,Consumer,India,Kolkata,East,Technology,Accessories,Accessories Product,29041.48,3,0.1,1452.07
CA-2026-100581,2026-10-18,2026-10-20,Second Class,Customer_4,Consumer,India,Pune,West,Furniture,Chairs,Chairs Product,21613.3,5,0.2,0.0
CA-2026-100582,2026-12-04,2026-12-07,Second Class,Customer_246,Corporate,India,Hyderabad,South,Furniture,Chairs,Chairs Product,58259.79,2,0.1,2912.99
CA-2026-100583,2025-02-06,2025-02-08,Second Class,Customer_212,Home Office,India,Ahmedabad,West,Office Supplies,Art,Art Product,62454.88,5,0.1,3122.74
CA-2026-100584,2025-02-27,2025-03-04,First Class,Customer_107,Home Office,India,Pune,West,Technology,Laptops,Laptops Product,47506.01,5,0.2,0.0
CA-2026-100585,2026-12-03,2026-12-06,Second Class,Customer_274,Consumer,India,Hyderabad,South,Office Supplies,Paper,Paper Product,19704.16,1,0.1,985.21
CA-2026-100586,2026-08-08,2026-08-13,Standard Class,Customer_17,Corporate,India,Jaipur,North,Office Supplies,Binders,Binders Product,60535.1,3,0.1,3026.76
CA-2026-100587,2026-02-28,2026-03-01,Standard Class,Customer_155,Consumer,India,Ahmedabad,West,Office Supplies,Storage,Storage Product,31688.25,3,0.05,2376.62
CA-2026-100588,2025-04-25,2025-04-28,Standard Class,Customer_79,Consumer,India,Delhi,North,Office Supplies,Binders,Binders Product,31119.81,1,0.15,778.0
CA-2026-100589,2025-12-15,2025-12-19,Standard Class,Customer_68,Consumer,India,Chandigarh,North,Furniture,Bookcases,Bookcases Product,10116.32,1,0.2,0.0
CA-2026-100590,2025-02-07,2025-02-11,Standard Class,Customer_45,Corporate,India,Jaipur,North,Technology,Laptops,Laptops Product,8196.94,3,0.0,819.69
CA-2026-100591,2026-04-24,2026-04-25,Second Class,Customer_108,Corporate,India,Mumbai,West,Technology,Laptops,Laptops Product,52214.28,1,0.2,0.0
CA-2026-100592,2025-07-25,2025-07-27,First Class,Customer_81,Corporate,India,Pune,West,Furniture,Bookcases,Bookcases Product,54117.82,1,0.1,2705.89
CA-2026-100593,2025-04-28,2025-04-29,Standard Class,Customer_164,Corporate,India,Lucknow,North,Technology,Laptops,Laptops Product,7256.03,5,0.1,362.8
CA-2026-100594,2025-05-25,2025-05-28,Standard Class,Customer_228,Consumer,India,Lucknow,North,Office Supplies,Paper,Paper Product,5079.88,5,0.1,253.99
CA-2026-100595,2025-05-14,2025-05-15,Second Class,Customer_201,Consumer,India,Ahmedabad,West,Technology,Phones,Phones Product,7504.29,1,0.0,750.43
CA-2026-100596,2026-12-23,2026-12-28,Second Class,Customer_171,Consumer,India,Lucknow,North,Technology,Laptops,Laptops Product,48985.65,5,0.1,2449.28
CA-2026-100597,2026-11-18,2026-11-23,Second Class,Customer_159,Home Office,India,Mumbai,West,Furniture,Tables,Tables Product,6594.84,4,0.0,659.48
CA-2026-100598,2026-10-22,2026-10-26,Second Class,Customer_201,Consumer,India,Ahmedabad,West,Office Supplies,Paper,Paper Product,10146.15,5,0.1,507.31
CA-2026-100599,2026-12-18,2026-12-21,Second Class,Customer_246,Corporate,India,Hyderabad,South,Furniture,Furnishings,Furnishings Product,2215.46,4,0.0,221.55
CA-2026-100600,2025-06-24,2025-06-27,Standard Class,Customer_55,Corporate,India,Hyderabad,South,Technology,Laptops,Laptops Product,9004.84,1,0.15,225.12
CA-2026-100601,2026-07-24,2026-07-25,Standard Class,Customer_125,Home Office,India,Pune,West,Technology,Accessories,Accessories Product,28117.07,4,0.05,2108.78
CA-2026-100602,2025-06-12,2025-06-16,Second Class,Customer_291,Corporate,India,Jaipur,North,Office Supplies,Storage,Storage Product,14655.85,5,0.15,366.4
CA-2026-100603,2026-07-12,2026-07-14,First Class,Customer_238,Corporate,India,Bangalore,South,Technology,Laptops,Laptops Product,5544.82,5,0.15,138.62
CA-2026-100604,2026-07-23,2026-07-24,First Class,Customer_195,Corporate,India,Ahmedabad,West,Office Supplies,Storage,Storage Product,66916.25,1,0.2,0.0
CA-2026-100605,2026-05-22,2026-05-23,Standard Class,Customer_77,Corporate,India,Mumbai,West,Office Supplies,Paper,Paper Product,62119.58,1,0.05,4658.97
CA-2026-100606,2026-06-29,2026-07-02,Second Class,Customer_292,Home Office,India,Jaipur,North,Technology,Laptops,Laptops Product,31356.47,2,0.1,1567.82
CA-2026-100607,2025-11-08,2025-11-12,First Class,Customer_151,Consumer,India,Hyderabad,South,Office Supplies,Binders,Binders Product,42843.2,5,0.15,1071.08
CA-2026-100608,2026-01-14,2026-01-19,First Class,Customer_222,Home Office,India,Delhi,North,Office Supplies,Storage,Storage Product,7767.91,3,0.0,776.79
CA-2026-100609,2026-08-28,2026-09-01,First Class,Customer_89,Corporate,India,Hyderabad,South,Technology,Accessories,Accessories Product,28481.68,4,0.2,0.0
CA-2026-100610,2025-05-23,2025-05-25,Standard Class,Customer_65,Consumer,India,Chandigarh,North,Furniture,Bookcases,Bookcases Product,58813.39,2,0.1,2940.67
CA-2026-100611,2025-01-12,2025-01-13,First Class,Customer_213,Corporate,India,Delhi,North,Office Supplies,Art,Art Product,46089.08,2,0.0,4608.91
CA-2026-100612,2026-12-14,2026-12-19,Second Class,Customer_197,Corporate,India,Jaipur,North,Technology,Phones,Phones Product,31862.17,4,0.2,0.0
CA-2026-100613,2025-08-20,2025-08-22,Second Class,Customer_211,Home Office,India,Jaipur,North,Technology,Phones,Phones Product,40497.9,2,0.2,0.0
CA-2026-100614,2026-08-14,2026-08-17,Second Class,Customer_41,Consumer,India,Delhi,North,Office Supplies,Art,Art Product,49371.29,1,0.2,0.0
CA-2026-100615,2026-06-24,2026-06-27,First Class,Customer_242,Home Office,India,Ahmedabad,West,Technology,Phones,Phones Product,36682.64,5,0.0,3668.26
CA-2026-100616,2026-11-11,2026-11-12,First Class,Customer_241,Corporate,India,Chandigarh,North,Technology,Accessories,Accessories Product,42951.43,3,0.2,0.0
CA-2026-100617,2026-06-09,2026-06-13,First Class,Customer_19,Home Office,India,Lucknow,North,Technology,Accessories,Accessories Product,29529.03,3,0.1,1476.45
CA-2026-100618,2026-09-04,2026-09-07,Standard Class,Customer_27,Home Office,India,Lucknow,North,Furniture,Chairs,Chairs Product,44088.07,5,0.05,3306.61
CA-2026-100619,2025-10-26,2025-10-31,Second Class,Customer_130,Consumer,India,Delhi,North,Furniture,Furnishings,Furnishings Product,5867.46,5,0.0,586.75
CA-2026-100620,2026-09-23,2026-09-26,Standard Class,Customer_78,Home Office,India,Pune,West,Furniture,Chairs,Chairs Product,51925.9,5,0.05,3894.44
CA-2026-100621,2026-04-03,2026-04-06,Second Class,Customer_44,Consumer,India,Bangalore,South,Furniture,Tables,Tables Product,33995.8,5,0.0,3399.58
CA-2026-100622,2026-09-02,2026-09-04,First Class,Customer_296,Home Office,India,Ahmedabad,West,Furniture,Furnishings,Furnishings Product,16732.53,4,0.05,1254.94
CA-2026-100623,2025-12-20,2025-12-21,Second Class,Customer_244,Home Office,India,Pune,West,Office Supplies,Binders,Binders Product,11815.27,4,0.15,295.38
CA-2026-100624,2026-06-30,2026-07-02,Standard Class,Customer_223,Consumer,India,Jaipur,North,Technology,Laptops,Laptops Product,27365.93,3,0.05,2052.44
CA-2026-100625,2025-10-23,2025-10-27,Standard Class,Customer_182,Corporate,India,Jaipur,North,Technology,Accessories,Accessories Product,67327.21,1,0.0,6732.72
CA-2026-100626,2026-09-18,2026-09-21,Second Class,Customer_237,Home Office,India,Hyderabad,South,Furniture,Bookcases,Bookcases Product,56181.91,3,0.2,0.0
CA-2026-100627,2025-09-05,2025-09-10,Standard Class,Customer_6,Home Office,India,Kolkata,East,Technology,Accessories,Accessories Product,47472.5,2,0.1,2373.62
CA-2026-100628,2025-01-09,2025-01-10,First Class,Customer_146,Corporate,India,Delhi,North,Furniture,Chairs,Chairs Product,36815.97,4,0.1,1840.8
CA-2026-100629,2025-07-17,2025-07-18,Standard Class,Customer_63,Home Office,India,Delhi,North,Technology,Phones,Phones Product,4076.05,5,0.05,305.7
CA-2026-100630,2025-05-03,2025-05-04,First Class,Customer_95,Corporate,India,Lucknow,North,Office Supplies,Art,Art Product,45981.98,5,0.05,3448.65
CA-2026-100631,2025-10-29,2025-11-02,Standard Class,Customer_166,Corporate,India,Mumbai,West,Technology,Accessories,Accessories Product,64596.41,3,0.15,1614.91
CA-2026-100632,2025-06-15,2025-06-16,Second Class,Customer_92,Corporate,India,Pune,West,Office Supplies,Art,Art Product,27262.47,1,0.1,1363.12
CA-2026-100633,2025-03-13,2025-03-17,First Class,Customer_277,Corporate,India,Kolkata,East,Technology,Accessories,Accessories Product,12573.11,4,0.0,1257.31
CA-2026-100634,2025-08-12,2025-08-17,Standard Class,Customer_129,Corporate,India,Mumbai,West,Furniture,Bookcases,Bookcases Product,7319.77,1,0.0,731.98
CA-2026-100635,2025-01-20,2025-01-24,Second Class,Customer_78,Home Office,India,Bangalore,South,Technology,Laptops,Laptops Product,160.65,1,0.15,4.02
CA-2026-100636,2025-12-04,2025-12-08,Standard Class,Customer_116,Consumer,India,Lucknow,North,Office Supplies,Art,Art Product,33521.95,4,0.0,3352.19
CA-2026-100637,2026-01-29,2026-02-02,Standard Class,Customer_156,Corporate,India,Mumbai,West,Technology,Laptops,Laptops Product,65459.45,3,0.1,3272.97
CA-2026-100638,2025-02-26,2025-02-27,Standard Class,Customer_104,Consumer,India,Hyderabad,South,Technology,Accessories,Accessories Product,5723.93,4,0.1,286.2
CA-2026-100639,2026-07-22,2026-07-23,Standard Class,Customer_184,Corporate,India,Jaipur,North,Technology,Phones,Phones Product,20991.04,4,0.0,2099.1
CA-2026-100640,2025-03-28,2025-04-01,Second Class,Customer_200,Consumer,India,Kolkata,East,Office Supplies,Binders,Binders Product,13597.18,5,0.05,1019.79
CA-2026-100641,2026-07-08,2026-07-11,Second Class,Customer_29,Corporate,India,Ahmedabad,West,Technology,Accessories,Accessories Product,67663.53,1,0.0,6766.35
CA-2026-100642,2025-02-13,2025-02-17,Standard Class,Customer_297,Consumer,India,Mumbai,West,Office Supplies,Art,Art Product,65812.28,5,0.05,4935.92
CA-2026-100643,2025-03-15,2025-03-16,First Class,Customer_67,Consumer,India,Bangalore,South,Furniture,Chairs,Chairs Product,33038.25,5,0.0,3303.83
CA-2026-100644,2025-06-26,2025-06-27,First Class,Customer_59,Corporate,India,Pune,West,Office Supplies,Art,Art Product,42824.69,5,0.0,4282.47
CA-2026-100645,2026-09-02,2026-09-07,First Class,Customer_295,Home Office,India,Kolkata,East,Office Supplies,Paper,Paper Product,29892.18,4,0.1,1494.61
CA-2026-100646,2025-05-21,2025-05-24,First Class,Customer_213,Consumer,India,Kolkata,East,Office Supplies,Paper,Paper Product,23551.71,1,0.1,1177.59
CA-2026-100647,2026-12-15,2026-12-18,First Class,Customer_52,Home Office,India,Chandigarh,North,Office Supplies,Art,Art Product,17130.76,5,0.0,1713.08
CA-2026-100648,2026-09-20,2026-09-24,First Class,Customer_146,Corporate,India,Bangalore,South,Office Supplies,Art,Art Product,5742.51,1,0.05,430.69
CA-2026-100649,2026-12-12,2026-12-16,Second Class,Customer_123,Consumer,India,Bangalore,South,Office Supplies,Paper,Paper Product,44823.82,5,0.15,1120.6
CA-2026-100650,2026-09-18,2026-09-19,Second Class,Customer_215,Consumer,India,Lucknow,North,Office Supplies,Art,Art Product,42882.28,1,0.1,2144.11
CA-2026-100651,2026-07-26,2026-07-28,First Class,Customer_238,Home Office,India,Kolkata,East,Office Supplies,Binders,Binders Product,43362.57,5,0.2,0.0
CA-2026-100652,2026-11-07,2026-11-09,Second Class,Customer_91,Consumer,India,Pune,West,Office Supplies,Paper,Paper Product,7976.27,2,0.15,199.41
CA-2026-100653,2026-11-18,2026-11-19,Second Class,Customer_233,Consumer,India,Delhi,North,Technology,Accessories,Accessories Product,20026.01,4,0.1,1001.3
CA-2026-100654,2025-04-17,2025-04-18,First Class,Customer_37,Consumer,India,Chandigarh,North,Office Supplies,Paper,Paper Product,55005.89,4,0.2,0.0
CA-2026-100655,2026-04-01,2026-04-06,First Class,Customer_167,Consumer,India,Lucknow,North,Furniture,Furnishings,Furnishings Product,13992.72,3,0.05,1049.45
CA-2026-100656,2025-04-11,2025-04-13,Standard Class,Customer_249,Consumer,India,Jaipur,North,Office Supplies,Art,Art Product,62406.42,1,0.15,1560.16
CA-2026-100657,2026-03-23,2026-03-25,Second Class,Customer_100,Home Office,India,Kolkata,East,Technology,Accessories,Accessories Product,12546.45,3,0.05,940.98
CA-2026-100658,2026-01-03,2026-01-06,Second Class,Customer_70,Consumer,India,Kolkata,East,Furniture,Tables,Tables Product,2343.41,5,0.0,234.34
CA-2026-100659,2026-04-22,2026-04-26,First Class,Customer_88,Home Office,India,Jaipur,North,Office Supplies,Storage,Storage Product,15467.76,3,0.2,0.0
CA-2026-100660,2026-07-21,2026-07-23,Second Class,Customer_237,Corporate,India,Mumbai,West,Furniture,Furnishings,Furnishings Product,60367.71,2,0.2,0.0
CA-2026-100661,2025-01-15,2025-01-19,First Class,Customer_294,Consumer,India,Kolkata,East,Office Supplies,Storage,Storage Product,30453.99,2,0.2,0.0
CA-2026-100662,2026-03-04,2026-03-05,Standard Class,Customer_51,Corporate,India,Delhi,North,Furniture,Chairs,Chairs Product,29856.27,4,0.15,746.41
CA-2026-100663,2026-05-23,2026-05-25,First Class,Customer_184,Corporate,India,Mumbai,West,Technology,Phones,Phones Product,48551.87,4,0.05,3641.39
CA-2026-100664,2025-09-02,2025-09-03,Standard Class,Customer_299,Consumer,India,Delhi,North,Furniture,Bookcases,Bookcases Product,11410.02,4,0.2,0.0
CA-2026-100665,2026-04-11,2026-04-15,Standard Class,Customer_1,Home Office,India,Bangalore,South,Technology,Accessories,Accessories Product,13027.71,3,0.15,325.69
CA-2026-100666,2025-03-14,2025-03-18,Standard Class,Customer_295,Consumer,India,Hyderabad,South,Technology,Phones,Phones Product,20831.64,3,0.2,0.0
CA-2026-100667,2026-12-03,2026-12-04,First Class,Customer_197,Corporate,India,Lucknow,North,Furniture,Chairs,Chairs Product,36080.08,3,0.0,3608.01
CA-2026-100668,2026-04-22,2026-04-27,Standard Class,Customer_105,Consumer,India,Delhi,North,Furniture,Bookcases,Bookcases Product,12351.19,5,0.0,1235.12
CA-2026-100669,2025-12-09,2025-12-11,Standard Class,Customer_116,Corporate,India,Chandigarh,North,Office Supplies,Art,Art Product,51642.87,5,0.05,3873.22
CA-2026-100670,2025-12-28,2025-12-31,Second Class,Customer_232,Corporate,India,Chandigarh,North,Technology,Accessories,Accessories Product,19472.46,1,0.1,973.62
CA-2026-100671,2026-05-29,2026-06-03,First Class,Customer_235,Consumer,India,Mumbai,West,Furniture,Bookcases,Bookcases Product,31693.29,3,0.0,3169.33
CA-2026-100672,2025-03-24,2025-03-28,Standard Class,Customer_76,Corporate,India,Bangalore,South,Furniture,Chairs,Chairs Product,7744.61,3,0.0,774.46
CA-2026-100673,2025-06-04,2025-06-06,Second Class,Customer_178,Corporate,India,Chandigarh,North,Technology,Phones,Phones Product,20592.54,5,0.05,1544.44
CA-2026-100674,2026-03-31,2026-04-01,Standard Class,Customer_172,Corporate,India,Pune,West,Office Supplies,Binders,Binders Product,1640.36,2,0.2,0.0
CA-2026-100675,2026-08-16,2026-08-19,Second Class,Customer_88,Corporate,India,Hyderabad,South,Furniture,Furnishings,Furnishings Product,32114.7,5,0.05,2408.6
CA-2026-100676,2025-08-21,2025-08-25,First Class,Customer_83,Home Office,India,Hyderabad,South,Furniture,Chairs,Chairs Product,10468.85,3,0.15,261.72
CA-2026-100677,2026-07-03,2026-07-06,Second Class,Customer_295,Consumer,India,Bangalore,South,Office Supplies,Paper,Paper Product,11371.7,1,0.0,1137.17
CA-2026-100678,2026-03-28,2026-03-31,Second Class,Customer_76,Corporate,India,Hyderabad,South,Office Supplies,Paper,Paper Product,39417.86,1,0.1,1970.89
CA-2026-100679,2026-04-05,2026-04-10,Second Class,Customer_75,Corporate,India,Bangalore,South,Technology,Accessories,Accessories Product,8592.15,1,0.15,214.8
CA-2026-100680,2025-11-24,2025-11-26,Second Class,Customer_149,Home Office,India,Delhi,North,Technology,Laptops,Laptops Product,68294.51,3,0.1,3414.73
CA-2026-100681,2026-11-14,2026-11-16,First Class,Customer_72,Home Office,India,Lucknow,North,Technology,Accessories,Accessories Product,23774.04,1,0.15,594.35
CA-2026-100682,2026-07-19,2026-07-20,Second Class,Customer_48,Corporate,India,Pune,West,Office Supplies,Art,Art Product,43264.79,2,0.15,1081.62
CA-2026-100683,2025-02-26,2025-03-03,First Class,Customer_43,Home Office,India,Kolkata,East,Technology,Laptops,Laptops Product,15627.86,3,0.05,1172.09
CA-2026-100684,2026-04-02,2026-04-03,Standard Class,Customer_29,Home Office,India,Chandigarh,North,Furniture,Tables,Tables Product,34383.53,5,0.2,0.0
CA-2026-100685,2026-01-05,2026-01-09,Second Class,Customer_177,Corporate,India,Bangalore,South,Technology,Accessories,Accessories Product,25937.13,3,0.0,2593.71
CA-2026-100686,2025-11-12,2025-11-16,Second Class,Customer_148,Consumer,India,Chandigarh,North,Office Supplies,Paper,Paper Product,50976.95,4,0.15,1274.42
CA-2026-100687,2026-03-11,2026-03-15,Second Class,Customer_269,Corporate,India,Bangalore,South,Technology,Laptops,Laptops Product,6116.85,2,0.1,305.84
CA-2026-100688,2025-03-09,2025-03-14,First Class,Customer_285,Corporate,India,Jaipur,North,Office Supplies,Binders,Binders Product,28721.3,3,0.15,718.03
CA-2026-100689,2026-12-29,2027-01-03,Second Class,Customer_22,Corporate,India,Bangalore,South,Office Supplies,Paper,Paper Product,58276.63,3,0.2,0.0
CA-2026-100690,2026-08-23,2026-08-26,First Class,Customer_135,Corporate,India,Ahmedabad,West,Technology,Laptops,Laptops Product,32495.28,1,0.0,3249.53
CA-2026-100691,2026-10-18,2026-10-22,Second Class,Customer_126,Consumer,India,Mumbai,West,Technology,Laptops,Laptops Product,62498.79,4,0.05,4687.41
CA-2026-100692,2025-05-03,2025-05-06,Second Class,Customer_244,Home Office,India,Ahmedabad,West,Office Supplies,Storage,Storage Product,40716.5,5,0.15,1017.91
CA-2026-100693,2025-05-03,2025-05-06,Standard Class,Customer_30,Consumer,India,Chandigarh,North,Technology,Laptops,Laptops Product,1326.4,3,0.05,99.48
CA-2026-100694,2025-11-24,2025-11-28,Standard Class,Customer_183,Consumer,India,Bangalore,South,Furniture,Tables,Tables Product,3796.89,3,0.15,94.92
CA-2026-100695,2025-10-24,2025-10-27,Standard Class,Customer_86,Home Office,India,Chandigarh,North,Technology,Phones,Phones Product,36019.27,2,0.0,3601.93
CA-2026-100696,2025-11-27,2025-11-30,First Class,Customer_7,Consumer,India,Pune,West,Furniture,Bookcases,Bookcases Product,6798.76,5,0.1,339.94
CA-2026-100697,2026-06-15,2026-06-18,First Class,Customer_80,Home Office,India,Hyderabad,South,Furniture,Furnishings,Furnishings Product,23887.89,2,0.0,2388.79
CA-2026-100698,2025-08-15,2025-08-17,Standard Class,Customer_283,Home Office,India,Chandigarh,North,Technology,Laptops,Laptops Product,58215.99,5,0.2,0.0
CA-2026-100699,2025-04-27,2025-05-01,Second Class,Customer_160,Home Office,India,Ahmedabad,West,Office Supplies,Binders,Binders Product,57337.25,1,0.15,1433.43
CA-2026-100700,2026-01-07,2026-01-09,Standard Class,Customer_156,Consumer,India,Ahmedabad,West,Technology,Laptops,Laptops Product,53474.91,3,0.05,4010.62
CA-2026-100701,2025-05-02,2025-05-04,First Class,Customer_67,Consumer,India,Bangalore,South,Technology,Phones,Phones Product,48194.5,3,0.05,3614.59
CA-2026-100702,2026-03-12,2026-03-13,First Class,Customer_17,Home Office,India,Mumbai,West,Office Supplies,Art,Art Product,53037.65,1,0.05,3977.82
CA-2026-100703,2026-06-10,2026-06-15,Second Class,Customer_6,Consumer,India,Delhi,North,Furniture,Chairs,Chairs Product,63606.2,1,0.0,6360.62
CA-2026-100704,2025-05-07,2025-05-12,First Class,Customer_75,Home Office,India,Kolkata,East,Technology,Phones,Phones Product,13016.25,3,0.0,1301.62
CA-2026-100705,2025-10-12,2025-10-17,Standard Class,Customer_292,Consumer,India,Hyderabad,South,Furniture,Tables,Tables Product,59874.15,5,0.05,4490.56
CA-2026-100706,2025-04-12,2025-04-17,Standard Class,Customer_3,Home Office,India,Delhi,North,Technology,Phones,Phones Product,50135.23,3,0.05,3760.14
CA-2026-100707,2025-04-12,2025-04-14,Second Class,Customer_55,Consumer,India,Chandigarh,North,Technology,Accessories,Accessories Product,25715.77,5,0.05,1928.68
CA-2026-100708,2025-12-30,2026-01-03,Second Class,Customer_57,Home Office,India,Jaipur,North,Office Supplies,Paper,Paper Product,28589.7,3,0.0,2858.97
CA-2026-100709,2025-05-20,2025-05-24,Second Class,Customer_253,Consumer,India,Hyderabad,South,Technology,Accessories,Accessories Product,39043.54,1,0.0,3904.35
CA-2026-100710,2026-01-30,2026-02-02,Standard Class,Customer_209,Corporate,India,Ahmedabad,West,Technology,Laptops,Laptops Product,21909.28,4,0.05,1643.2
CA-2026-100711,2026-03-15,2026-03-17,Second Class,Customer_225,Home Office,India,Mumbai,West,Furniture,Bookcases,Bookcases Product,12632.88,4,0.0,1263.29
CA-2026-100712,2026-11-06,2026-11-07,Standard Class,Customer_87,Consumer,India,Mumbai,West,Office Supplies,Art,Art Product,28103.64,5,0.0,2810.36
CA-2026-100713,2026-01-08,2026-01-10,Second Class,Customer_298,Home Office,India,Hyderabad,South,Office Supplies,Art,Art Product,8681.08,4,0.15,217.03
CA-2026-100714,2025-10-07,2025-10-11,First Class,Customer_233,Consumer,India,Hyderabad,South,Furniture,Furnishings,Furnishings Product,69127.87,5,0.1,3456.39
CA-2026-100715,2025-05-06,2025-05-09,First Class,Customer_28,Consumer,India,Ahmedabad,West,Furniture,Tables,Tables Product,44023.13,2,0.0,4402.31
CA-2026-100716,2026-05-26,2026-05-27,First Class,Customer_40,Home Office,India,Bangalore,South,Furniture,Bookcases,Bookcases Product,10776.29,5,0.2,0.0
CA-2026-100717,2026-06-17,2026-06-21,Second Class,Customer_278,Corporate,India,Ahmedabad,West,Office Supplies,Storage,Storage Product,46380.32,4,0.2,0.0
CA-2026-100718,2026-07-08,2026-07-13,Second Class,Customer_162,Corporate,India,Delhi,North,Office Supplies,Art,Art Product,61620.78,1,0.15,1540.52
CA-2026-100719,2026-03-30,2026-04-03,Second Class,Customer_221,Consumer,India,Delhi,North,Office Supplies,Paper,Paper Product,39010.99,3,0.05,2925.82
CA-2026-100720,2025-11-16,2025-11-20,Second Class,Customer_244,Home Office,India,Ahmedabad,West,Office Supplies,Art,Art Product,46239.49,5,0.2,0.0
CA-2026-100721,2025-06-10,2025-06-15,Standard Class,Customer_181,Corporate,India,Delhi,North,Furniture,Bookcases,Bookcases Product,34678.91,4,0.2,0.0
CA-2026-100722,2025-11-25,2025-11-26,Standard Class,Customer_299,Consumer,India,Delhi,North,Technology,Phones,Phones Product,9061.04,3,0.1,453.05
CA-2026-100723,2026-10-03,2026-10-06,Second Class,Customer_29,Home Office,India,Jaipur,North,Office Supplies,Art,Art Product,24225.5,3,0.15,605.64
CA-2026-100724,2025-09-08,2025-09-10,First Class,Customer_173,Consumer,India,Kolkata,East,Technology,Accessories,Accessories Product,41517.96,1,0.1,2075.9
CA-2026-100725,2025-01-21,2025-01-26,Standard Class,Customer_216,Corporate,India,Hyderabad,South,Office Supplies,Art,Art Product,46077.97,4,0.2,0.0
CA-2026-100726,2025-01-21,2025-01-25,Standard Class,Customer_51,Corporate,India,Lucknow,North,Office Supplies,Storage,Storage Product,26503.86,4,0.1,1325.19
CA-2026-100727,2025-04-13,2025-04-15,Second Class,Customer_104,Corporate,India,Hyderabad,South,Furniture,Bookcases,Bookcases Product,11747.24,3,0.1,587.36
CA-2026-100728,2026-10-13,2026-10-14,Second Class,Customer_116,Home Office,India,Chandigarh,North,Office Supplies,Storage,Storage Product,18634.34,3,0.2,0.0
CA-2026-100729,2025-04-05,2025-04-10,Second Class,Customer_219,Consumer,India,Mumbai,West,Technology,Accessories,Accessories Product,19208.21,5,0.2,0.0
CA-2026-100730,2025-12-22,2025-12-23,First Class,Customer_213,Corporate,India,Pune,West,Technology,Accessories,Accessories Product,30360.44,5,0.1,1518.02
CA-2026-100731,2025-09-15,2025-09-20,Standard Class,Customer_256,Consumer,India,Chandigarh,North,Furniture,Tables,Tables Product,61674.67,5,0.05,4625.6
CA-2026-100732,2026-11-08,2026-11-12,Standard Class,Customer_31,Home Office,India,Pune,West,Technology,Laptops,Laptops Product,56644.45,4,0.2,0.0
CA-2026-100733,2025-07-25,2025-07-28,Second Class,Customer_164,Consumer,India,Ahmedabad,West,Office Supplies,Paper,Paper Product,10618.04,3,0.15,265.45
CA-2026-100734,2026-10-12,2026-10-14,First Class,Customer_208,Consumer,India,Jaipur,North,Furniture,Bookcases,Bookcases Product,45258.38,3,0.2,0.0
CA-2026-100735,2025-04-27,2025-04-29,Second Class,Customer_287,Corporate,India,Kolkata,East,Office Supplies,Paper,Paper Product,55813.43,3,0.15,1395.34
CA-2026-100736,2026-03-09,2026-03-10,Standard Class,Customer_282,Consumer,India,Kolkata,East,Office Supplies,Storage,Storage Product,9636.5,3,0.1,481.83
CA-2026-100737,2026-10-22,2026-10-23,Standard Class,Customer_153,Consumer,India,Ahmedabad,West,Office Supplies,Binders,Binders Product,60184.92,1,0.1,3009.25
CA-2026-100738,2026-02-21,2026-02-24,First Class,Customer_268,Home Office,India,Mumbai,West,Furniture,Tables,Tables Product,16599.28,5,0.2,0.0
CA-2026-100739,2026-08-18,2026-08-23,Second Class,Customer_300,Home Office,India,Pune,West,Furniture,Chairs,Chairs Product,16741.57,1,0.1,837.08
CA-2026-100740,2026-02-04,2026-02-06,Second Class,Customer_210,Corporate,India,Jaipur,North,Office Supplies,Paper,Paper Product,7566.3,2,0.1,378.32
CA-2026-100741,2026-08-27,2026-08-28,Standard Class,Customer_217,Corporate,India,Ahmedabad,West,Technology,Accessories,Accessories Product,49003.28,1,0.1,2450.16
CA-2026-100742,2026-12-01,2026-12-03,First Class,Customer_18,Home Office,India,Pune,West,Office Supplies,Storage,Storage Product,33318.0,3,0.1,1665.9
CA-2026-100743,2026-11-10,2026-11-11,Standard Class,Customer_122,Corporate,India,Kolkata,East,Furniture,Furnishings,Furnishings Product,21717.87,3,0.0,2171.79
CA-2026-100744,2026-02-02,2026-02-03,First Class,Customer_83,Corporate,India,Jaipur,North,Furniture,Bookcases,Bookcases Product,6408.5,2,0.1,320.43
CA-2026-100745,2026-10-09,2026-10-12,Standard Class,Customer_212,Corporate,India,Jaipur,North,Office Supplies,Storage,Storage Product,60664.48,4,0.15,1516.61
CA-2026-100746,2026-03-09,2026-03-10,Standard Class,Customer_281,Home Office,India,Bangalore,South,Technology,Accessories,Accessories Product,35492.78,3,0.15,887.32
CA-2026-100747,2025-12-01,2025-12-05,Second Class,Customer_103,Home Office,India,Delhi,North,Office Supplies,Paper,Paper Product,44147.93,2,0.0,4414.79
CA-2026-100748,2025-11-09,2025-11-12,Standard Class,Customer_211,Corporate,India,Lucknow,North,Office Supplies,Binders,Binders Product,11131.79,5,0.05,834.88
CA-2026-100749,2026-04-08,2026-04-12,First Class,Customer_44,Corporate,India,Bangalore,South,Furniture,Tables,Tables Product,48153.93,3,0.1,2407.7
CA-2026-100750,2026-01-12,2026-01-14,Standard Class,Customer_118,Consumer,India,Jaipur,North,Furniture,Tables,Tables Product,1549.35,1,0.2,0.0
CA-2026-100751,2026-04-19,2026-04-21,Standard Class,Customer_134,Consumer,India,Pune,West,Technology,Phones,Phones Product,3579.83,5,0.15,89.5
CA-2026-100752,2025-04-02,2025-04-05,Second Class,Customer_254,Consumer,India,Bangalore,South,Technology,Phones,Phones Product,1086.63,5,0.15,27.17
CA-2026-100753,2025-08-18,2025-08-20,Second Class,Customer_106,Home Office,India,Kolkata,East,Furniture,Bookcases,Bookcases Product,52276.37,4,0.05,3920.73
CA-2026-100754,2025-08-09,2025-08-12,Second Class,Customer_135,Consumer,India,Kolkata,East,Furniture,Tables,Tables Product,28655.83,2,0.0,2865.58
CA-2026-100755,2026-09-25,2026-09-29,Second Class,Customer_204,Home Office,India,Kolkata,East,Furniture,Furnishings,Furnishings Product,6093.13,4,0.05,456.98
CA-2026-100756,2025-08-06,2025-08-10,First Class,Customer_27,Corporate,India,Jaipur,North,Technology,Laptops,Laptops Product,18010.17,1,0.2,0.0
CA-2026-100757,2025-08-29,2025-09-02,First Class,Customer_130,Home Office,India,Hyderabad,South,Technology,Laptops,Laptops Product,67707.97,5,0.0,6770.8
CA-2026-100758,2026-09-27,2026-10-01,Standard Class,Customer_92,Corporate,India,Pune,West,Furniture,Bookcases,Bookcases Product,9343.45,5,0.0,934.35
CA-2026-100759,2025-06-23,2025-06-28,Second Class,Customer_73,Corporate,India,Ahmedabad,West,Furniture,Furnishings,Furnishings Product,9321.18,3,0.2,0.0
CA-2026-100760,2025-04-30,2025-05-03,Second Class,Customer_145,Corporate,India,Delhi,North,Office Supplies,Art,Art Product,61030.4,3,0.1,3051.52
CA-2026-100761,2026-09-20,2026-09-23,First Class,Customer_285,Home Office,India,Chandigarh,North,Furniture,Furnishings,Furnishings Product,62497.76,3,0.15,1562.44
CA-2026-100762,2026-10-14,2026-10-18,Second Class,Customer_134,Consumer,India,Delhi,North,Office Supplies,Paper,Paper Product,3914.25,2,0.0,391.43
CA-2026-100763,2026-12-24,2026-12-28,Second Class,Customer_235,Corporate,India,Jaipur,North,Office Supplies,Art,Art Product,2951.34,3,0.2,0.0
CA-2026-100764,2025-04-26,2025-04-28,First Class,Customer_261,Corporate,India,Mumbai,West,Furniture,Chairs,Chairs Product,14340.99,3,0.05,1075.57
CA-2026-100765,2026-07-31,2026-08-05,Second Class,Customer_40,Consumer,India,Kolkata,East,Technology,Phones,Phones Product,36868.48,5,0.05,2765.14
CA-2026-100766,2026-05-26,2026-05-27,Second Class,Customer_55,Corporate,India,Hyderabad,South,Office Supplies,Storage,Storage Product,47723.73,1,0.15,1193.09
CA-2026-100767,2025-06-07,2025-06-08,Standard Class,Customer_3,Corporate,India,Mumbai,West,Furniture,Furnishings,Furnishings Product,31838.48,3,0.2,0.0
CA-2026-100768,2025-02-14,2025-02-19,Second Class,Customer_29,Home Office,India,Ahmedabad,West,Furniture,Tables,Tables Product,14874.54,1,0.1,743.73
CA-2026-100769,2025-03-14,2025-03-19,Second Class,Customer_46,Consumer,India,Lucknow,North,Furniture,Chairs,Chairs Product,27980.21,2,0.05,2098.52
CA-2026-100770,2025-08-02,2025-08-04,Second Class,Customer_252,Corporate,India,Jaipur,North,Furniture,Bookcases,Bookcases Product,45337.04,2,0.0,4533.7
CA-2026-100771,2025-11-14,2025-11-19,Second Class,Customer_229,Corporate,India,Bangalore,South,Furniture,Chairs,Chairs Product,58260.5,5,0.05,4369.54
CA-2026-100772,2026-05-03,2026-05-06,Standard Class,Customer_96,Corporate,India,Lucknow,North,Technology,Accessories,Accessories Product,6406.54,4,0.1,320.33
CA-2026-100773,2026-10-08,2026-10-12,Second Class,Customer_270,Home Office,India,Mumbai,West,Office Supplies,Storage,Storage Product,68131.7,2,0.05,5109.88
CA-2026-100774,2026-10-25,2026-10-30,First Class,Customer_66,Home Office,India,Mumbai,West,Furniture,Furnishings,Furnishings Product,30671.15,4,0.1,1533.56
CA-2026-100775,2025-11-04,2025-11-06,First Class,Customer_263,Consumer,India,Chandigarh,North,Furniture,Bookcases,Bookcases Product,39840.64,5,0.0,3984.06
CA-2026-100776,2026-06-07,2026-06-11,Second Class,Customer_131,Home Office,India,Jaipur,North,Office Supplies,Art,Art Product,46293.78,5,0.1,2314.69
CA-2026-100777,2025-03-25,2025-03-30,First Class,Customer_43,Corporate,India,Delhi,North,Office Supplies,Art,Art Product,12650.7,2,0.15,316.27
CA-2026-100778,2026-12-23,2026-12-26,Second Class,Customer_175,Consumer,India,Hyderabad,South,Technology,Laptops,Laptops Product,31904.37,4,0.2,0.0
CA-2026-100779,2025-08-05,2025-08-07,Standard Class,Customer_10,Consumer,India,Mumbai,West,Technology,Laptops,Laptops Product,18226.31,1,0.15,455.66
CA-2026-100780,2026-02-09,2026-02-10,Standard Class,Customer_250,Corporate,India,Delhi,North,Office Supplies,Art,Art Product,32265.39,4,0.2,0.0
CA-2026-100781,2026-09-26,2026-10-01,First Class,Customer_65,Consumer,India,Hyderabad,South,Technology,Laptops,Laptops Product,67423.6,4,0.1,3371.18
CA-2026-100782,2025-01-15,2025-01-17,Standard Class,Customer_75,Home Office,India,Mumbai,West,Office Supplies,Paper,Paper Product,60144.94,2,0.15,1503.62
CA-2026-100783,2025-09-05,2025-09-09,Second Class,Customer_217,Consumer,India,Chandigarh,North,Office Supplies,Binders,Binders Product,21134.16,4,0.05,1585.06
CA-2026-100784,2025-04-30,2025-05-02,First Class,Customer_231,Home Office,India,Bangalore,South,Technology,Laptops,Laptops Product,31224.09,4,0.15,780.6
CA-2026-100785,2025-09-06,2025-09-08,Standard Class,Customer_222,Corporate,India,Pune,West,Technology,Accessories,Accessories Product,3659.46,1,0.0,365.95
CA-2026-100786,2026-05-23,2026-05-28,Second Class,Customer_249,Home Office,India,Lucknow,North,Technology,Laptops,Laptops Product,69931.94,1,0.15,1748.3
CA-2026-100787,2026-08-29,2026-09-03,Second Class,Customer_284,Consumer,India,Ahmedabad,West,Office Supplies,Binders,Binders Product,37028.79,4,0.2,0.0
CA-2026-100788,2025-10-02,2025-10-06,Standard Class,Customer_224,Consumer,India,Ahmedabad,West,Office Supplies,Art,Art Product,43626.5,3,0.15,1090.66
CA-2026-100789,2025-06-15,2025-06-18,Standard Class,Customer_174,Home Office,India,Kolkata,East,Furniture,Bookcases,Bookcases Product,30723.94,5,0.05,2304.3
CA-2026-100790,2026-11-04,2026-11-08,First Class,Customer_107,Corporate,India,Bangalore,South,Furniture,Furnishings,Furnishings Product,67190.26,3,0.15,1679.76
CA-2026-100791,2026-12-09,2026-12-10,First Class,Customer_213,Corporate,India,Ahmedabad,West,Office Supplies,Paper,Paper Product,14043.95,5,0.15,351.1
CA-2026-100792,2025-11-07,2025-11-09,Second Class,Customer_82,Consumer,India,Kolkata,East,Technology,Phones,Phones Product,69948.36,3,0.1,3497.42
CA-2026-100793,2026-05-31,2026-06-01,Standard Class,Customer_115,Corporate,India,Mumbai,West,Furniture,Furnishings,Furnishings Product,8066.45,2,0.0,806.64
CA-2026-100794,2025-09-22,2025-09-25,Standard Class,Customer_54,Home Office,India,Hyderabad,South,Office Supplies,Storage,Storage Product,62752.61,5,0.2,0.0
CA-2026-100795,2025-02-21,2025-02-25,Standard Class,Customer_22,Home Office,India,Ahmedabad,West,Office Supplies,Binders,Binders Product,54737.5,5,0.0,5473.75
CA-2026-100796,2025-04-18,2025-04-20,Standard Class,Customer_256,Home Office,India,Mumbai,West,Office Supplies,Storage,Storage Product,11076.58,3,0.15,276.91
CA-2026-100797,2025-04-12,2025-04-14,Second Class,Customer_4,Consumer,India,Hyderabad,South,Furniture,Tables,Tables Product,8696.54,2,0.15,217.41
CA-2026-100798,2026-05-01,2026-05-04,Second Class,Customer_126,Consumer,India,Pune,West,Technology,Phones,Phones Product,6057.85,3,0.15,151.45
CA-2026-100799,2026-06-27,2026-07-01,Standard Class,Customer_186,Consumer,India,Kolkata,East,Office Supplies,Art,Art Product,28997.32,4,0.15,724.93
CA-2026-100800,2026-03-30,2026-04-01,Second Class,Customer_206,Consumer,India,Delhi,North,Technology,Laptops,Laptops Product,66060.63,1,0.1,3303.03
CA-2026-100801,2026-03-21,2026-03-22,Second Class,Customer_215,Corporate,India,Jaipur,North,Office Supplies,Paper,Paper Product,63185.53,1,0.2,0.0
CA-2026-100802,2026-11-29,2026-12-04,Second Class,Customer_271,Home Office,India,Pune,West,Technology,Laptops,Laptops Product,22027.3,3,0.0,2202.73
CA-2026-100803,2025-05-31,2025-06-04,Standard Class,Customer_227,Home Office,India,Ahmedabad,West,Technology,Phones,Phones Product,62141.83,5,0.2,0.0
CA-2026-100804,2025-12-20,2025-12-24,Standard Class,Customer_65,Home Office,India,Kolkata,East,Furniture,Chairs,Chairs Product,2684.22,3,0.15,67.11
CA-2026-100805,2026-07-08,2026-07-11,First Class,Customer_277,Home Office,India,Kolkata,East,Office Supplies,Storage,Storage Product,36541.38,2,0.0,3654.14
CA-2026-100806,2025-09-22,2025-09-24,Second Class,Customer_133,Home Office,India,Pune,West,Technology,Accessories,Accessories Product,69088.13,1,0.0,6908.81
CA-2026-100807,2026-06-04,2026-06-07,Second Class,Customer_174,Consumer,India,Mumbai,West,Office Supplies,Binders,Binders Product,31466.71,5,0.0,3146.67
CA-2026-100808,2026-08-19,2026-08-24,Standard Class,Customer_72,Home Office,India,Chandigarh,North,Technology,Phones,Phones Product,24588.57,3,0.2,0.0
CA-2026-100809,2026-01-22,2026-01-27,Second Class,Customer_51,Consumer,India,Kolkata,East,Office Supplies,Storage,Storage Product,36199.98,2,0.1,1810.0
CA-2026-100810,2026-12-30,2027-01-03,First Class,Customer_229,Consumer,India,Jaipur,North,Office Supplies,Binders,Binders Product,4447.34,2,0.15,111.18
CA-2026-100811,2026-01-14,2026-01-19,Standard Class,Customer_256,Home Office,India,Jaipur,North,Technology,Laptops,Laptops Product,36374.26,4,0.1,1818.71
CA-2026-100812,2026-03-10,2026-03-14,First Class,Customer_249,Home Office,India,Ahmedabad,West,Technology,Accessories,Accessories Product,57684.45,2,0.2,0.0
CA-2026-100813,2026-04-14,2026-04-16,First Class,Customer_81,Home Office,India,Chandigarh,North,Technology,Phones,Phones Product,48643.5,4,0.15,1216.09
CA-2026-100814,2026-01-14,2026-01-15,First Class,Customer_268,Consumer,India,Lucknow,North,Furniture,Chairs,Chairs Product,8548.56,5,0.1,427.43
CA-2026-100815,2025-05-01,2025-05-04,First Class,Customer_216,Consumer,India,Pune,West,Furniture,Bookcases,Bookcases Product,20649.29,1,0.05,1548.7
CA-2026-100816,2025-11-09,2025-11-12,First Class,Customer_23,Corporate,India,Kolkata,East,Office Supplies,Art,Art Product,245.79,5,0.1,12.29
CA-2026-100817,2026-05-08,2026-05-13,Standard Class,Customer_68,Consumer,India,Pune,West,Technology,Accessories,Accessories Product,63030.08,4,0.15,1575.75
CA-2026-100818,2026-06-01,2026-06-05,Standard Class,Customer_210,Corporate,India,Ahmedabad,West,Technology,Accessories,Accessories Product,10513.88,3,0.0,1051.39
CA-2026-100819,2025-08-27,2025-08-31,Standard Class,Customer_46,Consumer,India,Hyderabad,South,Technology,Phones,Phones Product,67069.76,4,0.1,3353.49
CA-2026-100820,2026-12-26,2026-12-27,First Class,Customer_99,Home Office,India,Lucknow,North,Technology,Laptops,Laptops Product,21688.48,1,0.2,0.0
CA-2026-100821,2026-07-09,2026-07-14,First Class,Customer_62,Home Office,India,Delhi,North,Technology,Laptops,Laptops Product,13338.77,4,0.2,0.0
CA-2026-100822,2026-06-29,2026-07-01,First Class,Customer_274,Home Office,India,Delhi,North,Furniture,Tables,Tables Product,17245.54,5,0.15,431.14
CA-2026-100823,2025-11-25,2025-11-29,Second Class,Customer_93,Corporate,India,Lucknow,North,Office Supplies,Art,Art Product,60352.01,1,0.1,3017.6
CA-2026-100824,2025-01-25,2025-01-30,First Class,Customer_147,Consumer,India,Hyderabad,South,Furniture,Bookcases,Bookcases Product,6462.65,1,0.2,0.0
CA-2026-100825,2025-07-07,2025-07-10,Standard Class,Customer_167,Consumer,India,Mumbai,West,Office Supplies,Storage,Storage Product,66656.31,2,0.0,6665.63
CA-2026-100826,2025-01-28,2025-01-29,Second Class,Customer_193,Consumer,India,Pune,West,Furniture,Chairs,Chairs Product,22470.9,4,0.1,1123.55
CA-2026-100827,2025-02-23,2025-02-25,Second Class,Customer_59,Corporate,India,Kolkata,East,Technology,Laptops,Laptops Product,16630.73,5,0.2,0.0
CA-2026-100828,2025-03-04,2025-03-07,Standard Class,Customer_120,Consumer,India,Ahmedabad,West,Technology,Accessories,Accessories Product,4675.53,1,0.15,116.89
CA-2026-100829,2025-10-03,2025-10-08,Second Class,Customer_291,Corporate,India,Lucknow,North,Technology,Phones,Phones Product,17317.5,5,0.05,1298.81
CA-2026-100830,2026-04-02,2026-04-03,Standard Class,Customer_217,Home Office,India,Chandigarh,North,Office Supplies,Paper,Paper Product,26194.03,2,0.05,1964.55
CA-2026-100831,2026-04-08,2026-04-09,First Class,Customer_247,Corporate,India,Delhi,North,Furniture,Bookcases,Bookcases Product,45748.81,2,0.0,4574.88
CA-2026-100832,2026-09-05,2026-09-08,First Class,Customer_83,Home Office,India,Jaipur,North,Furniture,Tables,Tables Product,41002.63,5,0.1,2050.13
CA-2026-100833,2026-07-01,2026-07-06,Standard Class,Customer_285,Corporate,India,Mumbai,West,Furniture,Chairs,Chairs Product,27731.81,1,0.05,2079.89
CA-2026-100834,2026-03-19,2026-03-21,Standard Class,Customer_232,Corporate,India,Lucknow,North,Technology,Accessories,Accessories Product,61886.82,3,0.1,3094.34
CA-2026-100835,2025-09-09,2025-09-12,Standard Class,Customer_69,Home Office,India,Hyderabad,South,Office Supplies,Art,Art Product,67133.59,3,0.0,6713.36
CA-2026-100836,2025-01-03,2025-01-08,Standard Class,Customer_251,Corporate,India,Ahmedabad,West,Office Supplies,Binders,Binders Product,47122.18,4,0.2,0.0
CA-2026-100837,2026-07-06,2026-07-07,Second Class,Customer_193,Home Office,India,Mumbai,West,Technology,Phones,Phones Product,62490.8,4,0.0,6249.08
CA-2026-100838,2026-01-02,2026-01-06,Second Class,Customer_5,Consumer,India,Bangalore,South,Technology,Phones,Phones Product,8820.99,3,0.05,661.57
CA-2026-100839,2025-01-21,2025-01-24,First Class,Customer_253,Corporate,India,Hyderabad,South,Office Supplies,Binders,Binders Product,57158.03,3,0.05,4286.85
CA-2026-100840,2025-02-07,2025-02-10,Standard Class,Customer_203,Consumer,India,Ahmedabad,West,Technology,Laptops,Laptops Product,42461.28,1,0.05,3184.6
CA-2026-100841,2025-10-12,2025-10-17,Standard Class,Customer_90,Consumer,India,Chandigarh,North,Furniture,Tables,Tables Product,38669.78,5,0.2,0.0
CA-2026-100842,2026-08-26,2026-08-28,Standard Class,Customer_141,Consumer,India,Mumbai,West,Office Supplies,Storage,Storage Product,65356.08,2,0.2,0.0
CA-2026-100843,2026-11-26,2026-11-27,Second Class,Customer_27,Corporate,India,Chandigarh,North,Technology,Accessories,Accessories Product,47679.56,4,0.0,4767.96
CA-2026-100844,2026-03-19,2026-03-23,Standard Class,Customer_115,Consumer,India,Pune,West,Office Supplies,Art,Art Product,34740.67,5,0.0,3474.07
CA-2026-100845,2025-10-12,2025-10-16,First Class,Customer_293,Consumer,India,Chandigarh,North,Furniture,Bookcases,Bookcases Product,460.63,2,0.1,23.03
CA-2026-100846,2025-08-20,2025-08-24,Standard Class,Customer_50,Consumer,India,Mumbai,West,Office Supplies,Paper,Paper Product,11597.26,3,0.0,1159.73
CA-2026-100847,2026-05-07,2026-05-11,First Class,Customer_243,Consumer,India,Delhi,North,Technology,Laptops,Laptops Product,65460.75,3,0.05,4909.56
CA-2026-100848,2025-12-15,2025-12-16,Second Class,Customer_49,Home Office,India,Hyderabad,South,Technology,Phones,Phones Product,66053.98,5,0.2,0.0
CA-2026-100849,2026-04-03,2026-04-08,Standard Class,Customer_34,Consumer,India,Mumbai,West,Office Supplies,Binders,Binders Product,64178.34,4,0.1,3208.92
CA-2026-100850,2025-03-05,2025-03-09,First Class,Customer_151,Corporate,India,Delhi,North,Furniture,Furnishings,Furnishings Product,4698.74,1,0.2,0.0
CA-2026-100851,2026-02-16,2026-02-17,Second Class,Customer_197,Corporate,India,Lucknow,North,Furniture,Tables,Tables Product,60534.33,5,0.0,6053.43
CA-2026-100852,2026-03-15,2026-03-20,Standard Class,Customer_169,Home Office,India,Lucknow,North,Office Supplies,Storage,Storage Product,45599.41,1,0.15,1139.99
CA-2026-100853,2025-07-17,2025-07-18,First Class,Customer_261,Corporate,India,Mumbai,West,Office Supplies,Binders,Binders Product,41542.77,2,0.2,0.0
CA-2026-100854,2025-12-30,2026-01-03,First Class,Customer_31,Consumer,India,Ahmedabad,West,Technology,Laptops,Laptops Product,31179.24,2,0.05,2338.44
CA-2026-100855,2025-11-16,2025-11-21,Standard Class,Customer_75,Consumer,India,Jaipur,North,Technology,Laptops,Laptops Product,52830.72,3,0.2,0.0
CA-2026-100856,2026-04-26,2026-04-29,Standard Class,Customer_75,Consumer,India,Lucknow,North,Furniture,Bookcases,Bookcases Product,25881.22,1,0.2,0.0
CA-2026-100857,2025-09-01,2025-09-06,First Class,Customer_175,Consumer,India,Chandigarh,North,Office Supplies,Art,Art Product,24132.75,2,0.05,1809.96
CA-2026-100858,2026-11-15,2026-11-19,Second Class,Customer_154,Corporate,India,Ahmedabad,West,Technology,Laptops,Laptops Product,23247.07,5,0.2,0.0
CA-2026-100859,2025-12-03,2025-12-05,Standard Class,Customer_118,Corporate,India,Mumbai,West,Furniture,Chairs,Chairs Product,34765.55,1,0.05,2607.42
CA-2026-100860,2026-10-01,2026-10-03,Second Class,Customer_95,Consumer,India,Kolkata,East,Furniture,Bookcases,Bookcases Product,56528.26,4,0.05,4239.62
CA-2026-100861,2026-01-07,2026-01-08,Second Class,Customer_100,Home Office,India,Mumbai,West,Furniture,Chairs,Chairs Product,38872.94,2,0.1,1943.65
CA-2026-100862,2026-08-23,2026-08-26,Second Class,Customer_90,Corporate,India,Delhi,North,Office Supplies,Paper,Paper Product,13927.97,2,0.05,1044.6
CA-2026-100863,2026-07-22,2026-07-24,First Class,Customer_71,Corporate,India,Bangalore,South,Office Supplies,Binders,Binders Product,12407.81,3,0.0,1240.78
CA-2026-100864,2026-11-02,2026-11-03,Standard Class,Customer_88,Home Office,India,Hyderabad,South,Office Supplies,Storage,Storage Product,31988.64,3,0.1,1599.43
CA-2026-100865,2026-10-01,2026-10-05,First Class,Customer_273,Corporate,India,Mumbai,West,Office Supplies,Paper,Paper Product,61802.35,2,0.05,4635.18
CA-2026-100866,2026-12-13,2026-12-16,Standard Class,Customer_97,Home Office,India,Hyderabad,South,Technology,Accessories,Accessories Product,68391.01,2,0.0,6839.1
CA-2026-100867,2025-10-29,2025-10-31,Standard Class,Customer_300,Corporate,India,Hyderabad,South,Office Supplies,Binders,Binders Product,44099.19,3,0.05,3307.44
CA-2026-100868,2025-08-03,2025-08-04,Standard Class,Customer_261,Corporate,India,Ahmedabad,West,Technology,Laptops,Laptops Product,4634.63,5,0.15,115.87
CA-2026-100869,2026-05-26,2026-05-31,Standard Class,Customer_254,Corporate,India,Ahmedabad,West,Office Supplies,Storage,Storage Product,49902.83,5,0.15,1247.57
CA-2026-100870,2025-10-02,2025-10-07,First Class,Customer_232,Consumer,India,Jaipur,North,Technology,Laptops,Laptops Product,45516.63,2,0.05,3413.75
CA-2026-100871,2026-02-10,2026-02-12,Standard Class,Customer_44,Consumer,India,Pune,West,Furniture,Furnishings,Furnishings Product,40038.79,3,0.1,2001.94
CA-2026-100872,2025-03-28,2025-03-31,Standard Class,Customer_173,Corporate,India,Ahmedabad,West,Technology,Accessories,Accessories Product,16189.41,1,0.15,404.74
CA-2026-100873,2026-04-07,2026-04-11,Second Class,Customer_13,Consumer,India,Jaipur,North,Furniture,Bookcases,Bookcases Product,56334.86,3,0.1,2816.74
CA-2026-100874,2026-03-29,2026-03-31,Standard Class,Customer_263,Home Office,India,Pune,West,Technology,Phones,Phones Product,25200.6,1,0.1,1260.03
CA-2026-100875,2026-10-22,2026-10-23,Standard Class,Customer_103,Corporate,India,Pune,West,Office Supplies,Binders,Binders Product,8389.29,3,0.0,838.93
CA-2026-100876,2025-07-21,2025-07-24,Standard Class,Customer_279,Corporate,India,Pune,West,Furniture,Bookcases,Bookcases Product,13425.91,5,0.05,1006.94
CA-2026-100877,2025-01-09,2025-01-12,Second Class,Customer_263,Consumer,India,Pune,West,Furniture,Furnishings,Furnishings Product,66212.47,5,0.0,6621.25
CA-2026-100878,2026-02-12,2026-02-14,Standard Class,Customer_283,Corporate,India,Kolkata,East,Technology,Laptops,Laptops Product,14770.26,2,0.2,0.0
CA-2026-100879,2026-04-18,2026-04-21,Second Class,Customer_231,Home Office,India,Mumbai,West,Furniture,Tables,Tables Product,30072.63,4,0.05,2255.45
CA-2026-100880,2025-01-31,2025-02-03,Standard Class,Customer_182,Corporate,India,Bangalore,South,Technology,Phones,Phones Product,21459.48,1,0.15,536.49
CA-2026-100881,2025-08-19,2025-08-23,Second Class,Customer_12,Home Office,India,Jaipur,North,Technology,Accessories,Accessories Product,53422.63,5,0.1,2671.13
CA-2026-100882,2025-02-02,2025-02-04,First Class,Customer_274,Corporate,India,Bangalore,South,Furniture,Furnishings,Furnishings Product,68614.03,2,0.15,1715.35
CA-2026-100883,2025-07-12,2025-07-16,First Class,Customer_54,Home Office,India,Mumbai,West,Furniture,Furnishings,Furnishings Product,44766.33,3,0.0,4476.63
CA-2026-100884,2026-07-21,2026-07-23,First Class,Customer_198,Corporate,India,Delhi,North,Technology,Laptops,Laptops Product,34254.07,2,0.05,2569.06
CA-2026-100885,2025-07-30,2025-08-01,Standard Class,Customer_6,Consumer,India,Pune,West,Technology,Laptops,Laptops Product,4991.56,1,0.1,249.58
CA-2026-100886,2025-12-01,2025-12-05,Standard Class,Customer_36,Corporate,India,Jaipur,North,Office Supplies,Binders,Binders Product,9126.72,4,0.15,228.17
CA-2026-100887,2025-07-31,2025-08-02,Standard Class,Customer_295,Corporate,India,Kolkata,East,Furniture,Furnishings,Furnishings Product,57270.94,4,0.05,4295.32
CA-2026-100888,2026-08-25,2026-08-27,First Class,Customer_229,Consumer,India,Chandigarh,North,Technology,Laptops,Laptops Product,32181.05,2,0.0,3218.11
CA-2026-100889,2026-02-13,2026-02-18,Second Class,Customer_295,Consumer,India,Kolkata,East,Technology,Accessories,Accessories Product,63730.15,4,0.15,1593.25
CA-2026-100890,2025-04-04,2025-04-07,First Class,Customer_92,Home Office,India,Ahmedabad,West,Furniture,Bookcases,Bookcases Product,27437.22,2,0.15,685.93
CA-2026-100891,2026-03-19,2026-03-23,Standard Class,Customer_23,Consumer,India,Jaipur,North,Technology,Phones,Phones Product,48926.69,1,0.15,1223.17
CA-2026-100892,2025-06-11,2025-06-14,Second Class,Customer_284,Consumer,India,Chandigarh,North,Furniture,Chairs,Chairs Product,48893.28,2,0.15,1222.33
CA-2026-100893,2026-01-13,2026-01-14,First Class,Customer_260,Consumer,India,Mumbai,West,Technology,Accessories,Accessories Product,28765.72,2,0.1,1438.29
CA-2026-100894,2026-04-19,2026-04-20,Second Class,Customer_205,Consumer,India,Mumbai,West,Technology,Laptops,Laptops Product,47325.98,4,0.15,1183.15
CA-2026-100895,2026-02-11,2026-02-12,Standard Class,Customer_238,Corporate,India,Delhi,North,Furniture,Chairs,Chairs Product,49666.06,2,0.1,2483.3
CA-2026-100896,2026-04-18,2026-04-19,Second Class,Customer_143,Consumer,India,Mumbai,West,Technology,Laptops,Laptops Product,17036.32,4,0.05,1277.72
CA-2026-100897,2025-06-24,2025-06-25,First Class,Customer_40,Home Office,India,Lucknow,North,Office Supplies,Paper,Paper Product,20660.71,5,0.15,516.52
CA-2026-100898,2025-01-12,2025-01-15,First Class,Customer_227,Home Office,India,Bangalore,South,Furniture,Bookcases,Bookcases Product,12538.02,1,0.2,0.0
CA-2026-100899,2025-02-18,2025-02-23,First Class,Customer_194,Consumer,India,Mumbai,West,Furniture,Bookcases,Bookcases Product,31134.67,5,0.0,3113.47
CA-2026-100900,2025-09-13,2025-09-16,Second Class,Customer_99,Home Office,India,Kolkata,East,Office Supplies,Binders,Binders Product,1221.09,1,0.0,122.11
CA-2026-100901,2026-11-17,2026-11-18,Standard Class,Customer_56,Corporate,India,Kolkata,East,Office Supplies,Paper,Paper Product,50708.4,1,0.15,1267.71
CA-2026-100902,2025-11-27,2025-12-02,First Class,Customer_119,Consumer,India,Kolkata,East,Technology,Phones,Phones Product,65409.48,4,0.15,1635.24
CA-2026-100903,2025-04-19,2025-04-22,Second Class,Customer_109,Corporate,India,Hyderabad,South,Office Supplies,Binders,Binders Product,28209.55,3,0.0,2820.95
CA-2026-100904,2025-08-14,2025-08-15,Second Class,Customer_155,Home Office,India,Pune,West,Technology,Laptops,Laptops Product,25891.7,1,0.05,1941.88
CA-2026-100905,2026-05-27,2026-05-28,Second Class,Customer_199,Home Office,India,Chandigarh,North,Technology,Phones,Phones Product,17710.62,1,0.2,0.0
CA-2026-100906,2026-12-12,2026-12-14,Second Class,Customer_10,Home Office,India,Hyderabad,South,Office Supplies,Storage,Storage Product,68463.71,4,0.0,6846.37
CA-2026-100907,2026-08-23,2026-08-27,Standard Class,Customer_7,Consumer,India,Jaipur,North,Technology,Laptops,Laptops Product,51952.79,5,0.2,0.0
CA-2026-100908,2025-01-22,2025-01-27,First Class,Customer_31,Consumer,India,Mumbai,West,Furniture,Tables,Tables Product,51680.14,2,0.2,0.0
CA-2026-100909,2026-01-19,2026-01-23,Standard Class,Customer_228,Home Office,India,Pune,West,Office Supplies,Paper,Paper Product,26364.78,1,0.05,1977.36
CA-2026-100910,2025-12-03,2025-12-05,First Class,Customer_118,Home Office,India,Pune,West,Furniture,Chairs,Chairs Product,36509.01,4,0.1,1825.45
CA-2026-100911,2025-12-06,2025-12-09,Standard Class,Customer_196,Home Office,India,Kolkata,East,Office Supplies,Binders,Binders Product,63473.58,2,0.05,4760.52
CA-2026-100912,2025-11-26,2025-11-28,First Class,Customer_27,Home Office,India,Ahmedabad,West,Technology,Phones,Phones Product,4616.72,4,0.0,461.67
CA-2026-100913,2025-05-25,2025-05-27,Standard Class,Customer_41,Corporate,India,Bangalore,South,Office Supplies,Paper,Paper Product,41524.88,2,0.05,3114.37
CA-2026-100914,2026-04-24,2026-04-27,First Class,Customer_156,Corporate,India,Bangalore,South,Technology,Phones,Phones Product,17220.25,2,0.2,0.0
CA-2026-100915,2026-08-14,2026-08-18,Second Class,Customer_86,Corporate,India,Kolkata,East,Furniture,Furnishings,Furnishings Product,5693.12,3,0.15,142.33
CA-2026-100916,2026-03-28,2026-04-01,First Class,Customer_196,Corporate,India,Chandigarh,North,Technology,Laptops,Laptops Product,30396.79,2,0.15,759.92
CA-2026-100917,2025-03-27,2025-03-30,Second Class,Customer_238,Corporate,India,Lucknow,North,Technology,Phones,Phones Product,38744.36,2,0.1,1937.22
CA-2026-100918,2026-04-10,2026-04-13,Standard Class,Customer_241,Consumer,India,Jaipur,North,Technology,Laptops,Laptops Product,33711.02,3,0.05,2528.33
CA-2026-100919,2025-06-08,2025-06-10,Standard Class,Customer_192,Corporate,India,Delhi,North,Office Supplies,Storage,Storage Product,34452.61,4,0.15,861.32
CA-2026-100920,2026-05-17,2026-05-20,Standard Class,Customer_84,Consumer,India,Lucknow,North,Office Supplies,Art,Art Product,61961.47,1,0.15,1549.04
CA-2026-100921,2026-03-23,2026-03-26,Standard Class,Customer_198,Corporate,India,Hyderabad,South,Technology,Laptops,Laptops Product,34254.67,3,0.0,3425.47
CA-2026-100922,2025-09-10,2025-09-12,Second Class,Customer_234,Home Office,India,Ahmedabad,West,Office Supplies,Storage,Storage Product,44203.59,1,0.05,3315.27
CA-2026-100923,2025-05-31,2025-06-03,First Class,Customer_48,Home Office,India,Kolkata,East,Technology,Laptops,Laptops Product,66629.3,2,0.0,6662.93
CA-2026-100924,2026-12-30,2027-01-03,First Class,Customer_217,Consumer,India,Jaipur,North,Technology,Laptops,Laptops Product,68192.78,1,0.2,0.0
CA-2026-100925,2026-03-14,2026-03-17,Second Class,Customer_211,Home Office,India,Pune,West,Technology,Laptops,Laptops Product,46128.18,4,0.2,0.0
CA-2026-100926,2025-04-02,2025-04-03,Standard Class,Customer_158,Consumer,India,Lucknow,North,Furniture,Tables,Tables Product,18904.59,2,0.15,472.61
CA-2026-100927,2025-06-22,2025-06-26,Second Class,Customer_148,Home Office,India,Delhi,North,Office Supplies,Binders,Binders Product,54184.68,4,0.2,0.0
CA-2026-100928,2026-03-18,2026-03-20,First Class,Customer_258,Consumer,India,Bangalore,South,Furniture,Tables,Tables Product,49312.9,2,0.15,1232.82
CA-2026-100929,2026-04-07,2026-04-12,Second Class,Customer_210,Corporate,India,Kolkata,East,Office Supplies,Paper,Paper Product,4222.85,2,0.05,316.71
CA-2026-100930,2026-10-04,2026-10-09,First Class,Customer_142,Consumer,India,Mumbai,West,Technology,Phones,Phones Product,5678.71,1,0.15,141.97
CA-2026-100931,2025-12-17,2025-12-18,First Class,Customer_137,Consumer,India,Lucknow,North,Office Supplies,Art,Art Product,34015.09,1,0.0,3401.51
CA-2026-100932,2026-11-13,2026-11-18,Standard Class,Customer_267,Corporate,India,Delhi,North,Office Supplies,Paper,Paper Product,36611.18,1,0.15,915.28
CA-2026-100933,2026-05-13,2026-05-17,First Class,Customer_185,Home Office,India,Hyderabad,South,Technology,Accessories,Accessories Product,23624.86,3,0.1,1181.24
CA-2026-100934,2026-02-13,2026-02-17,Second Class,Customer_206,Home Office,India,Lucknow,North,Office Supplies,Storage,Storage Product,61128.11,1,0.0,6112.81
CA-2026-100935,2025-05-23,2025-05-24,Second Class,Customer_244,Home Office,India,Lucknow,North,Office Supplies,Storage,Storage Product,66579.23,2,0.1,3328.96
CA-2026-100936,2026-02-28,2026-03-02,Standard Class,Customer_167,Home Office,India,Delhi,North,Technology,Accessories,Accessories Product,1262.46,3,0.0,126.25
CA-2026-100937,2026-03-31,2026-04-02,Second Class,Customer_244,Home Office,India,Lucknow,North,Furniture,Furnishings,Furnishings Product,51770.4,1,0.1,2588.52
CA-2026-100938,2026-12-18,2026-12-19,Standard Class,Customer_259,Consumer,India,Jaipur,North,Furniture,Tables,Tables Product,49864.74,5,0.2,0.0
CA-2026-100939,2025-05-11,2025-05-15,Second Class,Customer_277,Consumer,India,Mumbai,West,Furniture,Furnishings,Furnishings Product,11846.89,4,0.0,1184.69
CA-2026-100940,2025-09-07,2025-09-09,First Class,Customer_168,Corporate,India,Bangalore,South,Technology,Laptops,Laptops Product,6351.28,4,0.0,635.13
CA-2026-100941,2025-10-15,2025-10-17,Standard Class,Customer_252,Consumer,India,Pune,West,Technology,Accessories,Accessories Product,66610.12,1,0.05,4995.76
CA-2026-100942,2026-12-10,2026-12-13,Standard Class,Customer_196,Home Office,India,Kolkata,East,Technology,Laptops,Laptops Product,4620.23,3,0.15,115.51
CA-2026-100943,2026-10-20,2026-10-25,First Class,Customer_46,Corporate,India,Jaipur,North,Office Supplies,Paper,Paper Product,18210.67,3,0.0,1821.07
CA-2026-100944,2026-08-30,2026-09-01,Standard Class,Customer_1,Corporate,India,Mumbai,West,Technology,Accessories,Accessories Product,9006.48,3,0.15,225.16
CA-2026-100945,2025-03-05,2025-03-10,Standard Class,Customer_65,Home Office,India,Chandigarh,North,Office Supplies,Art,Art Product,68591.48,3,0.1,3429.57
CA-2026-100946,2026-11-11,2026-11-16,Second Class,Customer_75,Corporate,India,Lucknow,North,Office Supplies,Binders,Binders Product,27732.34,5,0.15,693.31
CA-2026-100947,2025-08-13,2025-08-17,Second Class,Customer_159,Home Office,India,Ahmedabad,West,Office Supplies,Storage,Storage Product,10296.36,1,0.2,0.0
CA-2026-100948,2026-12-07,2026-12-08,Second Class,Customer_193,Consumer,India,Pune,West,Technology,Laptops,Laptops Product,33531.96,2,0.15,838.3
CA-2026-100949,2025-12-08,2025-12-10,Second Class,Customer_201,Corporate,India,Kolkata,East,Technology,Phones,Phones Product,49058.48,1,0.05,3679.39
CA-2026-100950,2026-11-07,2026-11-09,Second Class,Customer_201,Consumer,India,Delhi,North,Technology,Accessories,Accessories Product,23684.97,4,0.1,1184.25
CA-2026-100951,2026-06-25,2026-06-28,First Class,Customer_68,Corporate,India,Pune,West,Technology,Phones,Phones Product,49107.5,5,0.15,1227.69
CA-2026-100952,2026-08-18,2026-08-19,Second Class,Customer_75,Consumer,India,Pune,West,Furniture,Tables,Tables Product,40443.3,4,0.15,1011.08
CA-2026-100953,2025-08-12,2025-08-14,Second Class,Customer_87,Consumer,India,Delhi,North,Furniture,Chairs,Chairs Product,47514.41,2,0.15,1187.86
CA-2026-100954,2025-04-09,2025-04-12,Standard Class,Customer_223,Consumer,India,Ahmedabad,West,Office Supplies,Binders,Binders Product,8302.54,5,0.1,415.13
CA-2026-100955,2026-10-05,2026-10-09,Standard Class,Customer_89,Home Office,India,Kolkata,East,Office Supplies,Binders,Binders Product,16935.79,4,0.1,846.79
CA-2026-100956,2026-01-20,2026-01-21,First Class,Customer_62,Consumer,India,Ahmedabad,West,Technology,Accessories,Accessories Product,19337.6,4,0.1,966.88
CA-2026-100957,2025-03-26,2025-03-27,Standard Class,Customer_294,Home Office,India,Ahmedabad,West,Technology,Laptops,Laptops Product,63602.64,2,0.0,6360.26
CA-2026-100958,2026-05-07,2026-05-10,Standard Class,Customer_65,Consumer,India,Mumbai,West,Technology,Phones,Phones Product,26938.8,4,0.1,1346.94
CA-2026-100959,2025-11-30,2025-12-01,Standard Class,Customer_275,Home Office,India,Chandigarh,North,Office Supplies,Art,Art Product,56919.47,1,0.15,1422.99
CA-2026-100960,2026-05-16,2026-05-17,Standard Class,Customer_61,Consumer,India,Chandigarh,North,Technology,Laptops,Laptops Product,49991.06,1,0.05,3749.33
CA-2026-100961,2026-09-06,2026-09-08,First Class,Customer_295,Consumer,India,Delhi,North,Technology,Accessories,Accessories Product,56055.86,1,0.0,5605.59
CA-2026-100962,2026-10-31,2026-11-02,First Class,Customer_260,Corporate,India,Mumbai,West,Technology,Accessories,Accessories Product,59616.36,1,0.0,5961.64
CA-2026-100963,2026-01-08,2026-01-13,Second Class,Customer_274,Corporate,India,Bangalore,South,Furniture,Chairs,Chairs Product,17458.76,1,0.2,0.0
CA-2026-100964,2025-05-24,2025-05-29,Standard Class,Customer_262,Consumer,India,Ahmedabad,West,Technology,Accessories,Accessories Product,36634.37,3,0.2,0.0
CA-2026-100965,2026-12-06,2026-12-07,First Class,Customer_283,Consumer,India,Delhi,North,Office Supplies,Binders,Binders Product,13246.35,3,0.05,993.48
CA-2026-100966,2026-08-29,2026-09-01,Second Class,Customer_84,Corporate,India,Pune,West,Office Supplies,Art,Art Product,5297.74,3,0.1,264.89
CA-2026-100967,2026-04-13,2026-04-14,First Class,Customer_37,Home Office,India,Pune,West,Technology,Accessories,Accessories Product,65819.93,2,0.2,0.0
CA-2026-100968,2025-10-03,2025-10-05,First Class,Customer_215,Consumer,India,Hyderabad,South,Technology,Laptops,Laptops Product,45379.2,5,0.2,0.0
CA-2026-100969,2025-11-20,2025-11-24,First Class,Customer_281,Corporate,India,Jaipur,North,Office Supplies,Paper,Paper Product,5518.97,1,0.2,0.0
CA-2026-100970,2025-03-09,2025-03-12,Second Class,Customer_6,Consumer,India,Mumbai,West,Furniture,Bookcases,Bookcases Product,54487.16,2,0.05,4086.54
CA-2026-100971,2026-01-22,2026-01-24,Second Class,Customer_49,Home Office,India,Jaipur,North,Office Supplies,Binders,Binders Product,12383.62,3,0.2,0.0
CA-2026-100972,2025-12-24,2025-12-29,Second Class,Customer_200,Consumer,India,Pune,West,Technology,Accessories,Accessories Product,42561.94,1,0.05,3192.15
CA-2026-100973,2025-12-20,2025-12-25,First Class,Customer_263,Home Office,India,Chandigarh,North,Technology,Accessories,Accessories Product,33432.64,2,0.1,1671.63
CA-2026-100974,2025-06-09,2025-06-11,Standard Class,Customer_215,Home Office,India,Bangalore,South,Furniture,Bookcases,Bookcases Product,3795.24,3,0.05,284.64
CA-2026-100975,2026-04-14,2026-04-16,Standard Class,Customer_118,Corporate,India,Ahmedabad,West,Furniture,Furnishings,Furnishings Product,35205.82,3,0.15,880.15
CA-2026-100976,2026-10-13,2026-10-14,Standard Class,Customer_123,Consumer,India,Pune,West,Furniture,Bookcases,Bookcases Product,59182.67,1,0.0,5918.27
CA-2026-100977,2025-06-19,2025-06-24,Second Class,Customer_261,Home Office,India,Delhi,North,Office Supplies,Storage,Storage Product,38835.77,4,0.0,3883.58
CA-2026-100978,2025-05-20,2025-05-24,Second Class,Customer_8,Home Office,India,Ahmedabad,West,Technology,Laptops,Laptops Product,69857.01,5,0.0,6985.7
CA-2026-100979,2025-07-14,2025-07-15,Standard Class,Customer_22,Home Office,India,Jaipur,North,Technology,Laptops,Laptops Product,52501.79,2,0.2,0.0
CA-2026-100980,2026-04-05,2026-04-07,Second Class,Customer_27,Corporate,India,Chandigarh,North,Office Supplies,Paper,Paper Product,5351.05,2,0.2,0.0
CA-2026-100981,2026-05-23,2026-05-27,First Class,Customer_149,Corporate,India,Bangalore,South,Furniture,Chairs,Chairs Product,23723.31,2,0.2,0.0
CA-2026-100982,2026-05-10,2026-05-13,First Class,Customer_157,Home Office,India,Pune,West,Office Supplies,Binders,Binders Product,51688.0,5,0.15,1292.2
CA-2026-100983,2026-06-12,2026-06-13,Second Class,Customer_169,Corporate,India,Ahmedabad,West,Technology,Accessories,Accessories Product,4119.02,1,0.2,0.0
CA-2026-100984,2025-12-29,2025-12-30,Second Class,Customer_252,Consumer,India,Delhi,North,Furniture,Tables,Tables Product,28204.56,1,0.0,2820.46
CA-2026-100985,2025-03-28,2025-04-02,First Class,Customer_129,Consumer,India,Chandigarh,North,Office Supplies,Art,Art Product,8756.6,4,0.0,875.66
CA-2026-100986,2026-04-27,2026-05-01,Second Class,Customer_56,Corporate,India,Hyderabad,South,Furniture,Bookcases,Bookcases Product,30041.07,2,0.2,0.0
CA-2026-100987,2026-11-04,2026-11-08,Standard Class,Customer_102,Consumer,India,Bangalore,South,Office Supplies,Storage,Storage Product,52321.67,1,0.1,2616.08
CA-2026-100988,2025-07-14,2025-07-17,First Class,Customer_102,Corporate,India,Delhi,North,Office Supplies,Art,Art Product,29531.8,3,0.0,2953.18
CA-2026-100989,2026-11-13,2026-11-16,Second Class,Customer_257,Home Office,India,Mumbai,West,Furniture,Furnishings,Furnishings Product,38553.64,2,0.1,1927.68
CA-2026-100990,2026-02-03,2026-02-05,First Class,Customer_122,Consumer,India,Mumbai,West,Office Supplies,Binders,Binders Product,8916.04,3,0.2,0.0
CA-2026-100991,2026-11-26,2026-11-29,Second Class,Customer_249,Consumer,India,Jaipur,North,Technology,Laptops,Laptops Product,661.22,4,0.1,33.06
CA-2026-100992,2026-03-16,2026-03-18,Standard Class,Customer_127,Home Office,India,Lucknow,North,Office Supplies,Paper,Paper Product,17537.73,1,0.1,876.89
CA-2026-100993,2026-03-16,2026-03-18,First Class,Customer_97,Home Office,India,Ahmedabad,West,Technology,Phones,Phones Product,49110.03,5,0.2,0.0
CA-2026-100994,2026-10-07,2026-10-09,First Class,Customer_219,Consumer,India,Kolkata,East,Office Supplies,Paper,Paper Product,28149.69,3,0.05,2111.23
CA-2026-100995,2026-09-24,2026-09-26,First Class,Customer_173,Corporate,India,Mumbai,West,Office Supplies,Art,Art Product,28570.07,3,0.05,2142.76
CA-2026-100996,2026-05-06,2026-05-07,Second Class,Customer_180,Home Office,India,Chandigarh,North,Furniture,Chairs,Chairs Product,21369.87,3,0.1,1068.49
CA-2026-100997,2026-03-05,2026-03-07,First Class,Customer_147,Corporate,India,Hyderabad,South,Office Supplies,Paper,Paper Product,2958.15,1,0.1,147.91
CA-2026-100998,2025-10-14,2025-10-19,Second Class,Customer_156,Consumer,India,Mumbai,West,Furniture,Tables,Tables Product,17733.19,4,0.1,886.66
CA-2026-100999,2025-04-10,2025-04-11,Standard Class,Customer_191,Consumer,India,Chandigarh,North,Office Supplies,Storage,Storage Product,25303.75,3,0.2,0.0
